"VESSEL","SPN","POT_ID","BUOY","DATE_SET","TIME_SET","LAT_DD","LON_DD","DEPTH_F","DATE_HAUL","TIME_HAUL","SOAK_TIME","GEAR_CODE","TEMP_LOGGER","NOTES"
"Seabrooke",1,"B83","XX36","3/17/2024","06:02",55.0928333333333,-163.780666666667,15,"3/18/2024","13:38",31.6,NA,"ADFG 246",""
"Seabrooke",2,"B82","XX51","3/17/2024","06:19",55.1258333333333,-163.781,18,"3/18/2024","13:55",31.6,NA,"",""
"Seabrooke",3,"B81","X227","3/17/2024","06:36",55.1593333333333,-163.781333333333,23,"3/18/2024","14:12",31.6,NA,"",""
"Seabrooke",4,"B80","XX67","3/17/2024","06:51",55.1926666666667,-163.7815,26,"3/18/2024","14:28",31.6166666666667,NA,"ADFG 253",""
"Seabrooke",5,"B79","XX39","3/17/2024","07:05",55.2256666666667,-163.781833333333,29,"3/18/2024","14:46",31.6833333333333,NA,"",""
"Seabrooke",6,"B78","X741","3/17/2024","07:19",55.2588333333333,-163.782,31,"3/18/2024","15:03",31.7333333333333,NA,"",""
"Seabrooke",7,"B77","X210","3/17/2024","07:32",55.2906666666667,-163.781833333333,34,"3/18/2024","15:18",31.7666666666667,NA,"",""
"Seabrooke",8,"B76","X209","3/17/2024","07:46",55.3251666666667,-163.782666666667,36,"3/18/2024","15:36",31.8333333333333,NA,"ADFG 257",""
"Seabrooke",9,"B75","XX57","3/17/2024","08:00",55.3586666666667,-163.783,39,"3/18/2024","15:55",31.9166666666667,NA,"",""
"Seabrooke",10,"B74","X218","3/17/2024","08:14",55.3918333333333,-163.782833333333,43,"3/18/2024","16:13",31.9833333333333,NA,"",""
"Seabrooke",11,"B73","X608","3/17/2024","08:28",55.4253333333333,-163.783333333333,45,"3/18/2024","16:30",32.0333333333333,NA,"",""
"Seabrooke",12,"B72","XX45","3/17/2024","08:42",55.4583333333333,-163.783833333333,46,"3/18/2024","16:48",32.1,NA,"ADFG 225",""
"Seabrooke",13,"B71","XA38","3/17/2024","08:56",55.4916666666667,-163.784,46,"3/18/2024","17:05",32.15,NA,"",""
"Seabrooke",14,"B70","X213","3/17/2024","09:11",55.5248333333333,-163.784166666667,47,"3/18/2024","17:22",32.1833333333333,NA,"",""
"Seabrooke",15,"B69","X220","3/17/2024","09:24",55.5578333333333,-163.7845,46,"3/18/2024","17:41",32.2833333333333,NA,"",""
"Seabrooke",16,"B68","X102","3/17/2024","09:38",55.5913333333333,-163.784833333333,47,"3/18/2024","17:57",32.3166666666667,NA,"ADFG 243",""
"Seabrooke",17,"B67","X174","3/17/2024","09:52",55.625,-163.785166666667,49,"3/18/2024","18:15",32.3833333333333,NA,"",""
"Seabrooke",18,"B66","XY13","3/17/2024","10:06",55.6578333333333,-163.785333333333,51,"3/18/2024","18:33",32.45,NA,"",""
"Seabrooke",19,"B65","X720","3/17/2024","10:19",55.6911666666667,-163.7855,52,"3/18/2024","18:53",32.5666666666667,NA,"",""
"Seabrooke",20,"B64","XX56","3/17/2024","10:33",55.7243333333333,-163.785833333333,51,"3/18/2024","19:12",32.65,NA,"ABSC 11",""
"Seabrooke",21,"B63","X981","3/17/2024","10:47",55.7576666666667,-163.786333333333,51,"3/18/2024","19:28",32.6833333333333,NA,"",""
"Seabrooke",22,"B62","XX59","3/17/2024","11:01",55.7908333333333,-163.7865,51,"3/18/2024","19:45",32.7333333333333,NA,"",""
"Seabrooke",23,"B61","X43","3/17/2024","11:14",55.8243333333333,-163.786666666667,51,"3/18/2024","20:03",32.8166666666667,NA,"ABSC 12",""
"Seabrooke",24,"C61","XX24","3/18/2024","06:42",55.8248333333333,-163.342833333333,49,"3/19/2024","12:27",29.75,NA,"ADFG 256",""
"Seabrooke",25,"C62","X225","3/18/2024","06:58",55.7916666666667,-163.343,48,"3/19/2024","12:47",29.8166666666667,NA,"",""
"Seabrooke",26,"C63","XX87","3/18/2024","07:14",55.7573333333333,-163.343166666667,48,"3/19/2024","13:07",29.8833333333333,NA,"",""
"Seabrooke",27,"C64","XX48","3/18/2024","07:28",55.725,-163.343333333333,46,"3/19/2024","13:26",29.9666666666667,NA,"ADFG 219",""
"Seabrooke",28,"C65","XX21","3/18/2024","07:43",55.6918333333333,-163.343333333333,45,"3/19/2024","13:46",30.05,NA,"",""
"Seabrooke",29,"C66","X501","3/18/2024","07:58",55.6586666666667,-163.3435,44,"3/19/2024","14:05",30.1166666666667,NA,"ADFG 224",""
"Seabrooke",30,"C67","XY10","3/18/2024","08:14",55.6253333333333,-163.343833333333,42,"3/19/2024","14:25",30.1833333333333,NA,"",""
"Seabrooke",31,"C68","XX40","3/18/2024","08:31",55.5921666666667,-163.343833333333,38,"3/19/2024","14:44",30.2166666666667,NA,"",""
"Seabrooke",32,"C69","XX92","3/18/2024","08:48",55.5588333333333,-163.343833333333,37,"3/19/2024","15:03",30.25,NA,"ADFG 232",""
"Seabrooke",33,"C70","X402","3/18/2024","09:04",55.5256666666667,-163.344166666667,36,"3/19/2024","15:21",30.2833333333333,NA,"",""
"Seabrooke",34,"C71","X305","3/18/2024","09:20",55.4925,-163.344166666667,35,"3/19/2024","15:39",30.3166666666667,NA,"",""
"Seabrooke",35,"C72","XA19","3/18/2024","09:36",55.4591666666667,-163.344333333333,33,"3/19/2024","15:57",30.35,NA,"ADFG 223",""
"Seabrooke",36,"C73","XX75","3/18/2024","09:51",55.4258333333333,-163.344333333333,30,"3/19/2024","16:15",30.4,NA,"",""
"Seabrooke",37,"C74","XX61","3/18/2024","10:05",55.3925,-163.3445,29,"3/19/2024","16:32",30.45,NA,"",""
"Seabrooke",38,"C75","X67","3/18/2024","10:22",55.3595,-163.344666666667,27,"3/19/2024","16:48",30.4333333333333,NA,"ADFG 244",""
"Seabrooke",39,"C76","X937","3/18/2024","10:36",55.3261666666667,-163.344666666667,25,"3/19/2024","17:05",30.4833333333333,NA,"",""
"Seabrooke",40,"C77","XY17","3/18/2024","10:51",55.2926666666667,-163.344833333333,26,"3/19/2024","17:22",30.5166666666667,NA,"",""
"Seabrooke",41,"C78","X21","3/18/2024","11:07",55.2593333333333,-163.345,24,"3/19/2024","17:38",30.5166666666667,NA,"ABSC 9",""
"Seabrooke",42,"C79","X709","3/18/2024","11:22",55.2261666666667,-163.345,23,"3/19/2024","17:53",30.5166666666667,NA,"",""
"Seabrooke",43,"C80","X694","3/18/2024","11:36",55.1926666666667,-163.345166666667,19,"3/19/2024","18:09",30.55,NA,"",""
"Seabrooke",44,"C81","XX73","3/18/2024","11:50",55.1595,-163.345166666667,13,"3/19/2024","18:24",30.5666666666667,NA,"ABSC 8",""
"Seabrooke",45,"D73","XX59","3/19/2024","06:04",55.4075,-162.9055,19,"3/20/2024","13:50",31.7666666666667,NA,"",""
"Seabrooke",46,"D72","X43","3/19/2024","06:19",55.4576666666667,-162.904833333333,20,"3/20/2024","14:07",31.8,NA,"ABSC 12",""
"Seabrooke",47,"D71","X18","3/19/2024","06:32",55.491,-162.9045,22,"3/20/2024","14:24",31.8666666666667,NA,"",""
"Seabrooke",48,"D70","XY13","3/19/2024","06:45",55.5243333333333,-162.904,24,"3/20/2024","14:41",31.9333333333333,NA,"",""
"Seabrooke",49,"D69","X174","3/19/2024","06:58",55.5576666666667,-162.903333333333,26,"3/20/2024","14:58",32,NA,"",""
"Seabrooke",50,"D68","X102","3/19/2024","07:11",55.5905,-162.902833333333,27,"3/20/2024","15:15",32.0666666666667,NA,"ADFG 243",""
"Seabrooke",51,"D67","X220","3/19/2024","07:24",55.6236666666667,-162.9025,26,"3/20/2024","15:33",32.15,NA,"",""
"Seabrooke",52,"D66","X213","3/19/2024","07:38",55.6571666666667,-162.901833333333,31,"3/20/2024","15:50",32.2,NA,"",""
"Seabrooke",53,"D65","XX57","3/19/2024","07:53",55.6903333333333,-162.9015,31,"3/20/2024","16:06",32.2166666666667,NA,"",""
"Seabrooke",54,"D64","X210","3/19/2024","08:07",55.7236666666667,-162.901,35,"3/20/2024","16:23",32.2666666666667,NA,"",""
"Seabrooke",55,"D63","XX39","3/19/2024","08:21",55.7566666666667,-162.900333333333,37,"3/20/2024","16:40",32.3166666666667,NA,"ADFG 253",""
"Seabrooke",56,"D62","XX67","3/19/2024","08:34",55.7898333333333,-162.899833333333,41,"3/20/2024","16:57",32.3833333333333,NA,"",""
"Seabrooke",57,"D61","X981","3/19/2024","08:49",55.8231666666667,-162.899333333333,45,"3/20/2024","17:15",32.4333333333333,NA,"",""
"Seabrooke",58,"D60","XX56","3/19/2024","09:02",55.8565,-162.899,45,"3/20/2024","17:31",32.4833333333333,NA,"ABSC 11",""
"Seabrooke",59,"D59","XA38","3/19/2024","09:15",55.8895,-162.8985,45,"3/20/2024","17:48",32.55,NA,"",""
"Seabrooke",60,"D58","XX45","3/19/2024","09:24",55.9228333333333,-162.897833333333,45,"3/20/2024","18:06",32.7,NA,"ADFG 225",""
"Seabrooke",61,"D57","X608","3/19/2024","09:44",55.9563333333333,-162.8975,46,"3/20/2024","18:23",32.65,NA,"",""
"Seabrooke",62,"D56","X218","3/19/2024","09:57",55.9896666666667,-162.897,45,"3/20/2024","18:40",32.7166666666667,NA,"",""
"Seabrooke",63,"E46","XX73","3/20/2024","06:04",56.3186666666667,-162.441666666667,40,"3/21/2024","12:15",30.1833333333333,NA,"ABSC 8",""
"Seabrooke",64,"E47","XX61","3/20/2024","06:21",56.2856666666667,-162.442666666667,43,"3/21/2024","12:34",30.2166666666667,NA,"",""
"Seabrooke",65,"E48","XX75","3/20/2024","06:38",56.2525,-162.4435,43,"3/21/2024","12:52",30.2333333333333,NA,"",""
"Seabrooke",66,"E49","XA19","3/20/2024","06:55",56.2191666666667,-162.4445,41,"3/21/2024","13:11",30.2666666666667,NA,"ADFG 233",""
"Seabrooke",67,"E50","X305","3/20/2024","07:10",56.186,-162.4455,42,"3/21/2024","13:30",30.3333333333333,NA,"",""
"Seabrooke",68,"E51","X402","3/20/2024","07:27",56.1528333333333,-162.446333333333,38,"3/21/2024","13:50",30.3833333333333,NA,"",""
"Seabrooke",69,"E52","XX21","3/20/2024","07:43",56.1195,-162.447333333333,40,"3/21/2024","14:08",30.4166666666667,NA,"",""
"Seabrooke",70,"E53","XX48","3/20/2024","07:58",56.0863333333333,-162.448166666667,40,"3/21/2024","14:26",30.4666666666667,NA,"ADFG 219",""
"Seabrooke",71,"E54","XX87","3/20/2024","08:15",56.053,-162.449166666667,41,"3/21/2024","14:44",30.4833333333333,NA,"",""
"Seabrooke",72,"E55","X225","3/20/2024","08:33",56.0198333333333,-162.45,41,"3/21/2024","15:02",30.4833333333333,NA,"",""
"Seabrooke",73,"E56","X21","3/20/2024","08:48",55.9866666666667,-162.451,41,"3/21/2024","15:20",30.5333333333333,NA,"ABSC 9",""
"Seabrooke",74,"E57","XY17","3/20/2024","09:03",55.9533333333333,-162.451833333333,40,"3/21/2024","15:37",30.5666666666667,NA,"",""
"Seabrooke",75,"E58","X947","3/20/2024","09:18",55.9201666666667,-162.452833333333,38,"3/21/2024","15:53",30.5833333333333,NA,"ADFG 244",""
"Seabrooke",76,"E59","X67","3/20/2024","09:34",55.8868333333333,-162.453833333333,37,"3/21/2024","16:10",30.6,NA,"",""
"Seabrooke",77,"E60","XX24","3/20/2024","09:50",55.853,-162.454833333333,30,"3/21/2024","16:26",30.6,NA,"ADFG 256",""
"Seabrooke",78,"E61","X209","3/20/2024","10:04",55.8193333333333,-162.455666666667,30,"3/21/2024","16:42",30.6333333333333,NA,"ADFG 257",""
"Seabrooke",79,"E62","X741","3/20/2024","10:19",55.7873333333333,-162.4565,29,"3/21/2024","16:58",30.65,NA,"",""
"Seabrooke",80,"E63","X227","3/20/2024","10:33",55.754,-162.4575,25,"3/21/2024","17:13",30.6666666666667,NA,"",""
"Seabrooke",81,"E64","XX51","3/20/2024","10:47",55.7208333333333,-162.458333333333,24,"3/21/2024","17:29",30.7,NA,"",""
"Seabrooke",82,"E65","XX36","3/20/2024","11:01",55.6875,-162.459166666667,19,"3/21/2024","17:45",30.7333333333333,NA,"ADFG 246",""
"Seabrooke",83,"E66","XX92","3/20/2024","11:15",55.6543333333333,-162.460166666667,17,"3/21/2024","18:02",30.7833333333333,NA,"ADFG 232",""
"Seabrooke",84,"E67","XX40","3/20/2024","11:29",55.6211666666667,-162.461,17,"3/21/2024","18:19",30.8333333333333,NA,"",""
"Seabrooke",85,"F60","X218","3/21/2024","06:00",55.8491666666667,-162.010833333333,13,"3/22/2024","14:17",32.2833333333333,NA,"",""
"Seabrooke",86,"F59","XA38","3/21/2024","06:11",55.8821666666667,-162.0095,16,"3/22/2024","14:33",32.3666666666667,NA,"",""
"Seabrooke",87,"F58","XX45","3/21/2024","06:23",55.9151666666667,-162.008333333333,20,"3/22/2024","14:48",32.4166666666667,NA,"ADFG 225",""
"Seabrooke",88,"F57","X608","3/21/2024","06:35",55.9485,-162.007,24,"3/22/2024","15:03",32.4666666666667,NA,"",""
"Seabrooke",89,"F56","XX56","3/21/2024","06:47",55.9816666666667,-162.0055,26,"3/22/2024","15:18",32.5166666666667,NA,"ABSC 11",""
"Seabrooke",90,"F55","X981","3/21/2024","06:59",56.0151666666667,-162.004333333333,30,"3/22/2024","15:32",32.55,NA,"",""
"Seabrooke",91,"F54","X213","3/21/2024","07:11",56.048,-162.003,31,"3/22/2024","15:47",32.6,NA,"",""
"Seabrooke",92,"F53","X220","3/21/2024","07:24",56.0813333333333,-162.001666666667,34,"3/22/2024","16:03",32.65,NA,"ADFG 243",""
"Seabrooke",93,"F52","X102","3/21/2024","07:36",56.1146666666667,-162.000333333333,34,"3/22/2024","16:18",32.7,NA,"",""
"Seabrooke",94,"F51","X174","3/21/2024","07:49",56.1485,-161.999,34,"3/22/2024","16:34",32.75,NA,"",""
"Seabrooke",95,"F50","XX67","3/21/2024","08:01",56.181,-161.997666666667,38,"3/22/2024","16:50",32.8166666666667,NA,"ADFG 253",""
"Seabrooke",96,"F49","XX39","3/21/2024","08:14",56.2141666666667,-161.996333333333,42,"3/22/2024","17:06",32.8666666666667,NA,"",""
"Seabrooke",97,"F48","X210","3/21/2024","08:26",56.2475,-161.995,45,"3/22/2024","17:24",32.9666666666667,NA,"",""
"Seabrooke",98,"F47","XX57","3/21/2024","08:39",56.2806666666667,-161.993666666667,46,"3/22/2024","17:40",33.0166666666667,NA,"",""
"Seabrooke",99,"F46","X501","3/21/2024","08:51",56.3136666666667,-161.9925,46,"3/22/2024","17:55",33.0666666666667,NA,"ADFG 501",""
"Seabrooke",100,"F45","XY13","3/21/2024","09:05",56.347,-161.991,46,"3/22/2024","18:12",33.1166666666667,NA,"",""
"Seabrooke",101,"F44","X18","3/21/2024","09:18",56.3801666666667,-161.989833333333,44,"3/22/2024","18:29",33.1833333333333,NA,"",""
"Seabrooke",102,"F43","X43","3/21/2024","09:30",56.4133333333333,-161.988333333333,42,"3/22/2024","18:45",33.25,NA,"ABSC 12",""
"Seabrooke",103,"F42","XX59","3/21/2024","09:43",56.4466666666667,-161.987166666667,42,"3/22/2024","19:02",33.3166666666667,NA,"",""
"Seabrooke",104,"F41","XA39","3/21/2024","09:55",56.4798333333333,-161.985833333333,43,"3/22/2024","19:18",33.3833333333333,NA,"",""
"Seabrooke",105,"F21","XX40","3/22/2024","05:01",57.144,-161.958,27,"3/23/2024","13:44",32.7166666666667,NA,"",""
"Seabrooke",106,"F22","XX92","3/22/2024","05:16",57.1106666666667,-161.959666666667,29,"3/23/2024","14:00",32.7333333333333,NA,"",""
"Seabrooke",107,"F23","XX24","3/22/2024","05:32",57.0775,-161.960833333333,30,"3/23/2024","14:17",32.75,NA,"ADFG 256",""
"Seabrooke",108,"F24","X67","3/22/2024","05:47",57.0443333333333,-161.962166666667,30,"3/23/2024","14:33",32.7666666666667,NA,"ADFG 244",""
"Seabrooke",109,"F25","X947","3/22/2024","06:02",57.011,-161.963333333333,33,"3/23/2024","14:49",32.7833333333333,NA,"",""
"Seabrooke",110,"F26","XY17","3/22/2024","06:16",56.978,-161.965,28,"3/23/2024","15:04",32.8,NA,"",""
"Seabrooke",111,"F27","X305","3/22/2024","06:31",56.9448333333333,-161.9665,33,"3/23/2024","15:21",32.8333333333333,NA,"",""
"Seabrooke",112,"F28","XA19","3/22/2024","06:47",56.9115,-161.967833333333,37,"3/23/2024","15:36",32.8166666666667,NA,"ADFG 233",""
"Seabrooke",113,"F29","XX36","3/22/2024","07:01",56.8783333333333,-161.969166666667,35,"3/23/2024","15:52",32.85,NA,"ADFG 246",""
"Seabrooke",114,"F30","XX51","3/22/2024","07:16",56.8451666666667,-161.9705,39,"3/23/2024","16:07",32.85,NA,"",""
"Seabrooke",115,"F31","X227","3/22/2024","07:31",56.8121666666667,-161.972,37,"3/23/2024","16:26",32.9166666666667,NA,"",""
"Seabrooke",116,"F32","X741","3/22/2024","07:48",56.7788333333333,-161.973333333333,37,"3/23/2024","16:42",32.9,NA,"",""
"Seabrooke",117,"F33","X21","3/22/2024","08:01",56.7456666666667,-161.974666666667,38,"3/23/2024","16:59",32.9666666666667,NA,"ABSC 9",""
"Seabrooke",118,"F34","X225","3/22/2024","08:16",56.7125,-161.976,42,"3/23/2024","17:15",32.9833333333333,NA,"",""
"Seabrooke",119,"F35","XX87","3/22/2024","08:30",56.6793333333333,-161.977333333333,40,"3/23/2024","17:30",33,NA,"",""
"Seabrooke",120,"F36","XX48","3/22/2024","08:44",56.646,-161.978833333333,43,"3/23/2024","17:46",33.0333333333333,NA,"ADFG 219",""
"Seabrooke",121,"F37","XX21","3/22/2024","08:58",56.6128333333333,-161.980166666667,41,"3/23/2024","18:01",33.05,NA,"",""
"Seabrooke",122,"F38","X402","3/22/2024","09:12",56.5796666666667,-161.9815,38,"3/23/2024","18:16",33.0666666666667,NA,"",""
"Seabrooke",123,"F39","XX75","3/22/2024","09:26",56.5465,-161.982833333333,37,"3/23/2024","18:31",33.0833333333333,NA,"",""
"Seabrooke",124,"F40","XX61","3/22/2024","09:40",56.5131666666667,-161.984166666667,36,"3/23/2024","18:47",33.1166666666667,NA,"",""
"Seabrooke",125,"E45","XX59","3/23/2024","05:03",56.3516666666667,-162.441333333333,42,"3/24/2024","13:15",32.2,NA,"",""
"Seabrooke",126,"E44","XA39","3/23/2024","05:18",56.3848333333333,-162.440333333333,43,"3/24/2024","13:35",32.2833333333333,NA,"",""
"Seabrooke",127,"E43","XX57","3/23/2024","05:33",56.418,-162.439333333333,40,"3/24/2024","13:57",32.4,NA,"",""
"Seabrooke",128,"E42","X210","3/23/2024","05:49",56.4513333333333,-162.438333333333,40,"3/24/2024","14:07",32.3,NA,"",""
"Seabrooke",129,"E41","XX39","3/23/2024","06:03",56.4846666666667,-162.437333333333,40,"3/24/2024","14:23",32.3333333333333,NA,"",""
"Seabrooke",130,"E40","X220","3/23/2024","06:19",56.5185,-162.436333333333,39,"3/24/2024","14:38",32.3166666666667,NA,"",""
"Seabrooke",131,"E39","X213","3/23/2024","06:34",56.5508333333333,-162.4355,40,"3/24/2024","14:52",32.3,NA,"",""
"Seabrooke",132,"E38","X981","3/23/2024","06:48",56.5853333333333,-162.434333333333,39,"3/24/2024","15:07",32.3166666666667,NA,"",""
"Seabrooke",133,"E37","X43","3/23/2024","07:03",56.6175,-162.433666666667,37,"3/24/2024","15:22",32.3166666666667,NA,"ABSC 12",""
"Seabrooke",134,"E36","X18","3/23/2024","07:18",56.6506666666667,-162.432666666667,37,"3/24/2024","15:37",32.3166666666667,NA,"",""
"Seabrooke",135,"E35","XY13","3/23/2024","07:33",56.6836666666667,-162.431666666667,37,"3/24/2024","15:52",32.3166666666667,NA,"",""
"Seabrooke",136,"E34","X501","3/23/2024","07:49",56.7168333333333,-162.430666666667,40,"3/24/2024","16:07",32.3,NA,"ADFG 224",""
"Seabrooke",137,"E33","X209","3/23/2024","08:04",56.7501666666667,-162.429833333333,39,"3/24/2024","16:22",32.3,NA,"ADFG 257",""
"Seabrooke",138,"E32","XX98","3/23/2024","08:19",56.7833333333333,-162.4285,37,"3/24/2024","16:38",32.3166666666667,NA,"",""
"Seabrooke",139,"E31","XX67","3/23/2024","08:35",56.8165,-162.427833333333,35,"3/24/2024","16:53",32.3,NA,"ADFG 253",""
"Seabrooke",140,"E30","X174","3/23/2024","08:50",56.8496666666667,-162.426833333333,35,"3/24/2024","17:08",32.3,NA,"",""
"Seabrooke",141,"E29","X102","3/23/2024","09:07",56.8828333333333,-162.426,33,"3/24/2024","17:23",32.2666666666667,NA,"ADFG 243",""
"Seabrooke",142,"E28","XX56","3/23/2024","09:22",56.916,-162.425,34,"3/24/2024","17:38",32.2666666666667,NA,"ABSC 11",""
"Seabrooke",143,"E27","X608","3/23/2024","09:35",56.9493333333333,-162.424,35,"3/24/2024","17:53",32.3,NA,"",""
"Seabrooke",144,"E26","XX45","3/23/2024","09:51",56.9825,-162.423,33,"3/24/2024","18:07",32.2666666666667,NA,"ADFG 225",""
"Seabrooke",145,"E25","XA38","3/23/2024","10:06",57.0165,-162.422,33,"3/24/2024","18:25",32.3166666666667,NA,"",""
"Seabrooke",146,"E24","X218","3/23/2024","10:21",57.0495,-162.420833333333,32,"3/24/2024","18:40",32.3166666666667,NA,"",""
"Seabrooke",147,"E23","XX73","3/23/2024","10:35",57.082,-162.420166666667,31,"3/24/2024","18:56",32.35,NA,"ABSC 8",""
"Seabrooke",148,"E22","XX70","3/23/2024","10:49",57.1151666666667,-162.419333333333,30,"3/24/2024","19:12",32.3833333333333,NA,"",""
"Seabrooke",149,"E21","X22","3/23/2024","11:05",57.1493333333333,-162.418,30,"3/24/2024","19:27",32.3666666666667,NA,"",""
"Seabrooke",150,"D31","XX61","3/24/2024","05:03",56.8201666666667,-162.884166666667,35,"3/25/2024","12:36",31.55,NA,"",""
"Seabrooke",151,"D32","XX75","3/24/2024","05:16",56.7866666666667,-162.884,36,"3/25/2024","12:53",31.6166666666667,NA,"",""
"Seabrooke",152,"D33","X402","3/24/2024","05:30",56.7535,-162.8845,36,"3/25/2024","13:10",31.6666666666667,NA,"",""
"Seabrooke",153,"D34","XX21","3/24/2024","05:45",56.7203333333333,-162.885166666667,37,"3/25/2024","13:26",31.6833333333333,NA,"",""
"Seabrooke",154,"D35","XX48","3/24/2024","05:56",56.6871666666667,-162.885666666667,38,"3/25/2024","13:43",31.7833333333333,NA,"ADFG 219",""
"Seabrooke",155,"D36","XX87","3/24/2024","06:10",56.654,-162.886166666667,39,"3/25/2024","14:00",31.8333333333333,NA,"",""
"Seabrooke",156,"D37","X21","3/24/2024","06:23",56.6206666666667,-162.886833333333,40,"3/25/2024","14:17",31.9,NA,"ABSC 9",""
"Seabrooke",157,"D38","X741","3/24/2024","06:36",56.5875,-162.887333333333,40,"3/25/2024","14:34",31.9666666666667,NA,"",""
"Seabrooke",158,"D39","X227","3/24/2024","06:50",56.5543333333333,-162.887666666667,41,"3/25/2024","14:51",32.0166666666667,NA,"",""
"Seabrooke",159,"D40","XX36","3/24/2024","07:03",56.5211666666667,-162.888166666667,42,"3/25/2024","15:07",32.0666666666667,NA,"ADFG 246",""
"Seabrooke",160,"D41","XA19","3/24/2024","07:17",56.4878333333333,-162.888833333333,43,"3/25/2024","15:24",32.1166666666667,NA,"ADFG 233",""
"Seabrooke",161,"D42","X305","3/24/2024","07:30",56.4548333333333,-162.889333333333,43,"3/25/2024","15:41",32.1833333333333,NA,"",""
"Seabrooke",162,"D43","XY17","3/24/2024","07:43",56.4215,-162.889833333333,44,"3/25/2024","15:58",32.25,NA,"",""
"Seabrooke",163,"D44","X947","3/24/2024","07:56",56.3883333333333,-162.890333333333,44,"3/25/2024","16:13",32.2833333333333,NA,"ABSC 7",""
"Seabrooke",164,"D45","XX51","3/24/2024","08:10",56.3551666666667,-162.890833333333,43,"3/25/2024","16:29",32.3166666666667,NA,"",""
"Seabrooke",165,"D46","X10","3/24/2024","08:25",56.3218333333333,-162.891333333333,43,"3/25/2024","16:46",32.35,NA,"",""
"Seabrooke",166,"D47","XX18","3/24/2024","08:38",56.2886666666667,-162.891833333333,43,"3/25/2024","17:03",32.4166666666667,NA,"",""
"Seabrooke",167,"D48","X66","3/24/2024","08:52",56.2555,-162.8925,44,"3/25/2024","17:20",32.4666666666667,NA,"",""
"Seabrooke",168,"D49","X225","3/24/2024","09:05",56.2221666666667,-162.893,44,"3/25/2024","17:36",32.5166666666667,NA,"",""
"Seabrooke",169,"D50","X67","3/24/2024","09:19",56.189,-162.8935,44,"3/25/2024","17:52",32.55,NA,"ADFG 244",""
"Seabrooke",170,"D51","XX24","3/24/2024","09:32",56.1556666666667,-162.894,44,"3/25/2024","18:09",32.6166666666667,NA,"ADFG 256",""
"Seabrooke",171,"D52","X20","3/24/2024","09:46",56.1226666666667,-162.8945,45,"3/25/2024","18:26",32.6666666666667,NA,"",""
"Seabrooke",172,"D53","X38","3/24/2024","09:59",56.0893333333333,-162.895,45,"3/25/2024","18:43",32.7333333333333,NA,"",""
"Seabrooke",173,"D54","X222","3/24/2024","10:12",56.0561666666667,-162.8955,45,"3/25/2024","19:03",32.85,NA,"",""
"Seabrooke",174,"D55","XX85","3/24/2024","10:26",56.0228333333333,-162.896166666667,45,"3/25/2024","19:21",32.9166666666667,NA,"",""
"Seabrooke",175,"C35","X22","3/25/2024","05:00",56.688,-163.340166666667,40,"3/26/2024","11:14",30.2333333333333,NA,"",""
"Seabrooke",176,"C34","XX70","3/25/2024","05:15",56.7211666666667,-163.339833333333,39,"3/26/2024","11:29",30.2333333333333,NA,"",""
"Seabrooke",177,"C33","XX73","3/25/2024","05:31",56.7545,-163.339666666667,39,"3/26/2024","12:02",30.5166666666667,"44","ABSC 8",""
"Seabrooke",178,"C32","X218","3/25/2024","05:48",56.7876666666667,-163.339666666667,38,"3/26/2024","12:18",30.5,NA,"",""
"Seabrooke",179,"C31","XA38","3/25/2024","06:04",56.8208333333333,-163.339666666667,38,"3/26/2024","12:33",30.4833333333333,NA,"",""
"Seabrooke",180,"C30","XX45","3/25/2024","06:20",56.8706666666667,-163.339333333333,37,"3/26/2024","12:49",30.4833333333333,NA,"ADFG 225",""
"Seabrooke",181,"C29","X608","3/25/2024","06:36",56.8871666666667,-163.339166666667,36,"3/26/2024","13:05",30.4833333333333,NA,"",""
"Seabrooke",182,"C28","XX56","3/25/2024","06:52",56.9203333333333,-163.339166666667,36,"3/26/2024","13:23",30.5166666666667,NA,"ABSC 11",""
"Seabrooke",183,"C27","X102","3/25/2024","07:08",56.9535,-163.338833333333,36,"3/26/2024","13:40",30.5333333333333,NA,"ADFG 243",""
"Seabrooke",184,"C26","X174","3/25/2024","07:24",56.9868333333333,-163.338833333333,36,"3/26/2024","13:56",30.5333333333333,NA,"",""
"Seabrooke",185,"C25","XX67","3/25/2024","07:41",57.0191666666667,-163.3385,35,"3/26/2024","14:10",30.4833333333333,NA,"ADFG 253",""
"Seabrooke",186,"C24","XX98","3/25/2024","07:57",57.0531666666667,-163.3385,35,"3/26/2024","14:25",30.4666666666667,NA,"",""
"Seabrooke",187,"C23","XY13","3/25/2024","08:13",57.0863333333333,-163.338333333333,34,"3/26/2024","14:41",30.4666666666667,NA,"",""
"Seabrooke",188,"C22","X209","3/25/2024","08:29",57.1195,-163.338333333333,34,"3/26/2024","14:57",30.4666666666667,NA,"ADFG 257",""
"Seabrooke",189,"C21","X501","3/25/2024","08:45",57.1526666666667,-163.338166666667,33,"3/26/2024","15:11",30.4333333333333,NA,"ADFG 224",""
"Seabrooke",190,"D21","X18","3/25/2024","10:24",57.1521666666667,-162.8775,30,"3/26/2024","16:56",30.5333333333333,NA,"",""
"Seabrooke",191,"D22","X43","3/25/2024","10:37",57.1185,-162.878666666667,31,"3/26/2024","17:12",30.5833333333333,NA,"ABSC 12",""
"Seabrooke",192,"D23","X981","3/25/2024","10:51",57.0853333333333,-162.879,31,"3/26/2024","17:27",30.6,NA,"",""
"Seabrooke",193,"D24","X213","3/25/2024","11:05",57.0521666666667,-162.8795,32,"3/26/2024","17:43",30.6333333333333,NA,"",""
"Seabrooke",194,"D25","X220","3/25/2024","11:18",57.019,-162.880166666667,32,"3/26/2024","17:58",30.6666666666667,NA,"",""
"Seabrooke",195,"D26","XX39","3/25/2024","11:31",56.9856666666667,-162.880666666667,32,"3/26/2024","18:14",30.7166666666667,NA,"",""
"Seabrooke",196,"D27","XX92","3/25/2024","11:45",56.9525,-162.881166666667,33,"3/26/2024","18:30",30.75,NA,"",""
"Seabrooke",197,"D28","X210","3/25/2024","11:57",56.9195,-162.881666666667,34,"3/26/2024","18:45",30.8,NA,"",""
"Seabrooke",198,"D29","XX57","3/25/2024","12:11",56.8861666666667,-162.882333333333,34,"3/26/2024","19:02",30.85,NA,"",""
"Seabrooke",199,"D30","XX59","3/25/2024","12:24",56.853,-162.882833333333,35,"3/26/2024","19:18",30.9,NA,"",""
"Seabrooke",200,"C60","XX58","3/26/2024","05:02",55.8578333333333,-163.344666666667,48,"3/27/2024","12:26",31.4,NA,"",""
"Seabrooke",201,"C59","X222","3/26/2024","05:17",55.8908333333333,-163.3425,48,"3/27/2024","12:43",31.4333333333333,NA,"",""
"Seabrooke",202,"C58","X38","3/26/2024","05:30",55.9241666666667,-163.342666666667,48,"3/27/2024","12:59",31.4833333333333,NA,"",""
"Seabrooke",203,"C57","X20","3/26/2024","05:44",55.9575,-163.3425,48,"3/27/2024","13:15",31.5166666666667,NA,"",""
"Seabrooke",204,"C56","X225","3/26/2024","05:56",55.9906666666667,-163.342666666667,47,"3/27/2024","13:32",31.6,NA,"",""
"Seabrooke",205,"C55","X66","3/26/2024","06:07",56.0238333333333,-163.3425,47,"3/27/2024","13:48",31.6833333333333,NA,"",""
"Seabrooke",206,"C54","XX18","3/26/2024","06:22",56.0571666666667,-163.342333333333,47,"3/27/2024","14:04",31.7,NA,"",""
"Seabrooke",207,"C53","XX51","3/26/2024","06:34",56.0901666666667,-163.342166666667,47,"3/27/2024","14:20",31.7666666666667,NA,"",""
"Seabrooke",208,"C52","X227","3/26/2024","06:47",56.1235,-163.342,47,"3/27/2024","14:36",31.8166666666667,NA,"",""
"Seabrooke",209,"C51","XX24","3/26/2024","07:00",56.1568333333333,-163.342,47,"3/27/2024","14:52",31.8666666666667,NA,"ADFG 256",""
"Seabrooke",210,"C50","X67","3/26/2024","07:14",56.1898333333333,-163.341833333333,47,"3/27/2024","15:07",31.8833333333333,NA,"ADFG 244",""
"Seabrooke",211,"C49","XY17","3/26/2024","07:26",56.2231666666667,-163.341666666667,47,"3/27/2024","15:23",31.95,NA,"",""
"Seabrooke",212,"C48","XX36","3/26/2024","07:40",56.2563333333333,-163.3415,47,"3/27/2024","15:37",31.95,NA,"ADFG 246",""
"Seabrooke",213,"C47","X305","3/26/2024","07:53",56.2905,-163.341333333333,47,"3/27/2024","15:53",32,NA,"",""
"Seabrooke",214,"C46","XA19","3/26/2024","08:04",56.3226666666667,-163.341333333333,46,"3/27/2024","16:10",32.1,NA,"ADFG 233",""
"Seabrooke",215,"C45","X741","3/26/2024","08:20",56.356,-163.341166666667,46,"3/27/2024","16:26",32.1,NA,"",""
"Seabrooke",216,"C44","X21","3/26/2024","08:33",56.3891666666667,-163.341166666667,45,"3/27/2024","16:41",32.1333333333333,NA,"",""
"Seabrooke",217,"C43","XX87","3/26/2024","08:45",56.4223333333333,-163.341,45,"3/27/2024","16:56",32.1833333333333,NA,"",""
"Seabrooke",218,"C42","XX48","3/26/2024","08:58",56.4556666666667,-163.340833333333,44,"3/27/2024","17:13",32.25,NA,"ADFG 219",""
"Seabrooke",219,"C41","X10","3/26/2024","09:10",56.4888333333333,-163.340833333333,44,"3/27/2024","17:27",32.2833333333333,NA,"",""
"Seabrooke",220,"C40","XX21","3/26/2024","09:27",56.5221666666667,-163.3405,43,"3/27/2024","17:43",32.2666666666667,NA,"",""
"Seabrooke",221,"C39","X947","3/26/2024","09:36",56.5553333333333,-163.3405,43,"3/27/2024","17:59",32.3833333333333,NA,"ABSC 7",""
"Seabrooke",222,"C38","XX75","3/26/2024","09:49",56.5885,-163.340333333333,42,"3/27/2024","18:14",32.4166666666667,NA,"",""
"Seabrooke",223,"C37","XX61","3/26/2024","10:01",56.6216666666667,-163.340166666667,41,"3/27/2024","18:30",32.4833333333333,NA,"",""
"Seabrooke",224,"C36","XA39","3/26/2024","10:14",56.6548333333333,-163.34,41,"3/27/2024","18:45",32.5166666666667,NA,"",""
"Seabrooke",225,"CAM1","X402","3/26/2024","11:00",56.6665,-163.339333333333,41,"3/27/2024","18:53",31.8833333333333,NA,"ABSC 10","Camera test pot, 20 male RKC. Bycatch: 4 male tanner, 2 P Cod, 1 Yellowfin sole"
"Seabrooke",226,"COFFIN","XRES","3/26/2024","11:11",56.6786666666667,-163.339666666667,40,"3/27/2024","19:01",31.8333333333333,NA,"","Coffin pot test, RKC: 1 female, 6 males. 1 male tanner crab."
"Seabrooke",227,"B36","XX59","3/27/2024","05:09",56.6546666666667,-163.794,40,"3/28/2024","12:20",31.1833333333333,NA,"",""
"Seabrooke",228,"B37","XX57","3/27/2024","05:30",56.6216666666667,-163.7935,41,"3/28/2024","12:40",31.1666666666667,NA,"",""
"Seabrooke",229,"B38","X210","3/27/2024","05:46",56.5883333333333,-163.7935,41,"3/28/2024","12:57",31.1833333333333,NA,"",""
"Seabrooke",230,"B39","XX92","3/27/2024","05:59",56.5553333333333,-163.792833333333,42,"3/28/2024","13:14",31.25,NA,"ADFG 232",""
"Seabrooke",231,"B40","XX39","3/27/2024","06:13",56.5221666666667,-163.792666666667,43,"3/28/2024","13:32",31.3166666666667,NA,"",""
"Seabrooke",232,"B41","X220","3/27/2024","06:26",56.4888333333333,-163.792333333333,43,"3/28/2024","13:50",31.4,NA,"",""
"Seabrooke",233,"B42","X213","3/27/2024","06:41",56.4556666666667,-163.792,44,"3/28/2024","14:08",31.45,NA,"",""
"Seabrooke",234,"B43","X981","3/27/2024","06:55",56.4225,-163.791833333333,45,"3/28/2024","14:26",31.5166666666667,NA,"",""
"Seabrooke",235,"B44","X43","3/27/2024","07:08",56.3893333333333,-163.7915,45,"3/28/2024","14:43",31.5833333333333,NA,"ABSC 12",""
"Seabrooke",236,"B45","X18","3/27/2024","07:23",56.3561666666667,-163.791166666667,46,"3/28/2024","15:00",31.6166666666667,NA,"",""
"Seabrooke",237,"B46","X501","3/27/2024","07:37",56.3226666666667,-163.790833333333,46,"3/28/2024","15:18",31.6833333333333,NA,"ADFG 224",""
"Seabrooke",238,"B47","X209","3/27/2024","07:50",56.2895,-163.790666666667,47,"3/28/2024","15:37",31.7833333333333,NA,"ADFG 257",""
"Seabrooke",239,"B48","XY13","3/27/2024","08:05",56.2563333333333,-163.790333333333,46,"3/28/2024","15:55",31.8333333333333,NA,"",""
"Seabrooke",240,"B49","XX98","3/27/2024","08:19",56.2231666666667,-163.79,47,"3/28/2024","16:13",31.9,NA,"",""
"Seabrooke",241,"B50","XX67","3/27/2024","08:32",56.19,-163.789666666667,47,"3/28/2024","16:31",31.9833333333333,NA,"ADFG 253",""
"Seabrooke",242,"B51","X174","3/27/2024","08:46",56.1566666666667,-163.789333333333,48,"3/28/2024","16:44",31.9666666666667,NA,"",""
"Seabrooke",243,"B52","X102","3/27/2024","08:59",56.1235,-163.789166666667,48,"3/28/2024","17:08",32.15,NA,"ADFG 243",""
"Seabrooke",244,"B53","XX56","3/27/2024","09:13",56.0901666666667,-163.788833333333,48,"3/28/2024","17:26",32.2166666666667,NA,"ADFG 246",""
"Seabrooke",245,"B54","X218","3/27/2024","09:26",56.057,-163.7885,49,"3/28/2024","17:46",32.3333333333333,NA,"",""
"Seabrooke",246,"B55","X608","3/27/2024","09:40",56.0238333333333,-163.788333333333,49,"3/28/2024","18:08",32.4666666666667,NA,"",""
"Seabrooke",247,"B56","XX45","3/27/2024","09:54",55.9905,-163.788,49,"3/28/2024","18:27",32.55,NA,"",""
"Seabrooke",248,"B57","XA38","3/27/2024","10:07",55.9575,-163.787666666667,50,"3/28/2024","18:47",32.6666666666667,NA,"",""
"Seabrooke",249,"B58","X22","3/27/2024","10:21",55.9241666666667,-163.7875,50,"3/28/2024","19:07",32.7666666666667,NA,"",""
"Seabrooke",250,"B59","XX70","3/27/2024","10:34",55.8908333333333,-163.787166666667,50,"3/28/2024","19:26",32.8666666666667,NA,"",""
"Seabrooke",251,"B60","XX73","3/27/2024","10:48",55.8565,-163.787166666667,51,"3/28/2024","19:45",32.95,NA,"",""
"Seabrooke",252,"A65","X402","3/28/2024","05:07",55.6716666666667,-164.227166666667,51,"3/29/2024","16:29",35.3666666666667,NA,"ABSC 10",""
"Seabrooke",253,"A64","XA39","3/28/2024","05:20",55.7058333333333,-164.228166666667,51,"3/29/2024","16:48",35.4666666666667,NA,"",""
"Seabrooke",254,"A63","XX61","3/28/2024","05:33",55.739,-164.228666666667,51,"3/29/2024","17:05",35.5333333333333,NA,"",""
"Seabrooke",255,"A62","XX75","3/28/2024","05:46",55.7723333333333,-164.2295,51,"3/29/2024","17:22",35.6,NA,"",""
"Seabrooke",256,"A61","XX48","3/28/2024","05:59",55.8055,-164.230166666667,51,"3/29/2024","17:38",35.65,NA,"ADFG 219",""
"Seabrooke",257,"A60","X21","3/28/2024","06:12",55.8386666666667,-164.230833333333,51,"3/29/2024","17:54",35.7,NA,"ABSC 9 ",""
"Seabrooke",258,"A59","X741","3/28/2024","06:25",55.8718333333333,-164.2315,50,"3/29/2024","18:14",35.8166666666667,NA,"",""
"Seabrooke",259,"A58","XX36","3/28/2024","06:38",55.9051666666667,-164.232166666667,50,"3/29/2024","18:31",35.8833333333333,NA,"",""
"Seabrooke",260,"A57","X67","3/28/2024","06:51",55.9385,-164.232833333333,50,"3/29/2024","18:48",35.95,NA,"",""
"Seabrooke",261,"A56","XA19","3/28/2024","07:03",55.9718333333333,-164.2335,50,"3/29/2024","19:05",36.0333333333333,NA,"ADFG 233",""
"Seabrooke",262,"A55","X305","3/28/2024","07:16",56.005,-164.234166666667,49,"3/29/2024","19:22",36.1,NA,"",""
"Seabrooke",263,"A54","XY17","3/28/2024","07:29",56.038,-164.235,49,"3/29/2024","19:39",36.1666666666667,NA,"",""
"Seabrooke",264,"A53","XX24","3/28/2024","07:42",56.0713333333333,-164.235666666667,49,"3/29/2024","19:56",36.2333333333333,NA,"ADFG 256",""
"Seabrooke",265,"A52","XX51","3/28/2024","07:55",56.1046666666667,-164.236166666667,49,"3/29/2024","20:13",36.3,NA,"",""
"Seabrooke",266,"A51","X947","3/28/2024","08:08",56.1378333333333,-164.236833333333,49,"3/29/2024","20:29",36.35,NA,"ABSC 7",""
"Seabrooke",267,"A50","XX21","3/28/2024","08:21",56.171,-164.237666666667,48,"3/29/2024","20:48",36.45,NA,"",""
"Seabrooke",268,"A49","X10","3/28/2024","08:34",56.2041666666667,-164.238333333333,48,"3/29/2024","21:05",36.5166666666667,NA,"",""
"Seabrooke",269,"A48","XX87","3/28/2024","08:47",56.2376666666667,-164.239,48,"3/29/2024","21:23",36.6,NA,"",""
"Seabrooke",270,"A47","X227","3/28/2024","09:00",56.2705,-164.239666666667,48,"3/29/2024","21:41",36.6833333333333,NA,"",""
"Seabrooke",271,"A46","XX18","3/28/2024","09:12",56.3038333333333,-164.240333333333,47,"3/29/2024","22:03",36.85,NA,"",""
"Seabrooke",272,"A45","X227","3/30/2024","06:00",56.337,-164.240833333333,47,"3/31/2024","14:13",32.2166666666667,NA,"",""
"Seabrooke",273,"A44","XX18","3/30/2024","06:14",56.3701666666667,-164.241833333333,46,"3/31/2024","14:33",32.3166666666667,NA,"",""
"Seabrooke",274,"A43","XX87","3/30/2024","06:28",56.4033333333333,-164.2425,45,"3/31/2024","14:52",32.4,NA,"",""
"Seabrooke",275,"A42","X10","3/30/2024","06:41",56.4366666666667,-164.243166666667,45,"3/31/2024","15:11",32.5,NA,"",""
"Seabrooke",276,"A41","XX21","3/30/2024","06:55",56.4698333333333,-164.243833333333,44,"3/31/2024","15:29",32.5666666666667,NA,"",""
"Seabrooke",277,"A40","X947","3/30/2024","07:09",56.503,-164.244666666667,43,"3/31/2024","15:49",32.6666666666667,NA,"ABSC 7",""
"Seabrooke",278,"A39","XX51","3/30/2024","07:22",56.5361666666667,-164.245166666667,42,"3/31/2024","16:08",32.7666666666667,NA,"",""
"Seabrooke",279,"A38","XX24","3/30/2024","07:36",56.5695,-164.246,42,"3/31/2024","16:27",32.85,NA,"ADFG 256",""
"Seabrooke",280,"A37","X305","3/30/2024","07:49",56.6026666666667,-164.246666666667,42,"3/31/2024","16:47",32.9666666666667,NA,"",""
"Seabrooke",281,"A36","XA19","3/30/2024","08:02",56.6358333333333,-164.247333333333,41,"3/31/2024","17:06",33.0666666666667,NA,"ADFG 233",""
"Seabrooke",282,"A35","X67","3/30/2024","08:16",56.669,-164.248166666667,40,"3/31/2024","17:27",33.1833333333333,NA,"ADFG 244",""
"Seabrooke",283,"A34","XX36","3/30/2024","08:30",56.7021666666667,-164.248833333333,39,"3/31/2024","17:48",33.3,NA,"ADFG 246",""
"Seabrooke",284,"A33","X741","3/30/2024","08:43",56.7353333333333,-164.2495,40,"3/31/2024","18:07",33.4,NA,"",""
"Seabrooke",285,"A32","X21","3/30/2024","08:56",56.7685,-164.250166666667,40,"3/31/2024","18:27",33.5166666666667,NA,"ABSC 9",""
"Seabrooke",286,"A31","XX48","3/30/2024","09:09",56.8018333333333,-164.251,39,"3/31/2024","18:48",33.65,NA,"ADFG 219",""
"Seabrooke",287,"A30","XX75","3/30/2024","09:22",56.835,-164.251666666667,38,"3/31/2024","19:08",33.7666666666667,NA,"",""
"Seabrooke",288,"A29","XY17","3/30/2024","09:35",56.8681666666667,-164.252333333333,38,"3/31/2024","19:28",33.8833333333333,NA,"",""
"Seabrooke",289,"A28","XX61","3/30/2024","09:48",56.9013333333333,-164.253,38,"3/31/2024","19:47",33.9833333333333,NA,"",""
"Seabrooke",290,"A27","XA39","3/30/2024","10:01",56.9345,-164.253666666667,38,"3/31/2024","20:07",34.1,NA,"",""
"Seabrooke",291,"A26","X402","3/30/2024","10:14",56.9678333333333,-164.2545,37,"3/31/2024","20:26",34.2,NA,"ABSC 10",""
"Seabrooke",292,"A25","XX73","3/30/2024","10:27",57.0008333333333,-164.255166666667,37,"3/31/2024","20:45",34.3,NA,"ABSC 8",""
"Seabrooke",293,"A24","XX45","3/30/2024","10:40",57.0341666666667,-164.256,37,"3/31/2024","21:05",34.4166666666667,NA,"ADFG 225",""
"Seabrooke",294,"A23","X608","3/30/2024","10:53",57.0673333333333,-164.256666666667,36,"3/31/2024","21:25",34.5333333333333,NA,"",""
"Seabrooke",295,"A22","XX70","3/30/2024","11:06",57.1005,-164.257333333333,36,"3/31/2024","21:42",34.6,NA,"",""
"Seabrooke",296,"A21","X218","3/30/2024","11:19",57.1338333333333,-164.258,36,"3/31/2024","22:01",34.7,NA,"",""
"Seabrooke",297,"B16","XX56","3/31/2024","05:02",57.3185,-163.799666666667,33,"4/2/2024","13:25",56.3833333333333,NA,"ABSC 11","Hydraulic hose fix between pots 297 & 298, ~90 min"
"Seabrooke",298,"B17","X22","3/31/2024","06:33",57.2853333333333,-163.799166666667,34,"4/2/2024","13:47",55.2333333333333,NA,"","Hydraulic hose fix between pots 297 & 298, ~90 min"
"Seabrooke",299,"B18","XA38","3/31/2024","06:47",57.2521666666667,-163.799166666667,34,"4/2/2024","14:06",55.3166666666667,NA,"",""
"Seabrooke",300,"B19","X102","3/31/2024","07:00",57.219,-163.798833333333,34,"4/2/2024","14:25",55.4166666666667,NA,"ADFG 243",""
"Seabrooke",301,"B20","X174","3/31/2024","07:14",57.186,-163.7985,35,"4/2/2024","14:47",55.55,NA,"",""
"Seabrooke",302,"B21","XX67","3/31/2024","07:26",57.1526666666667,-163.798166666667,35,"4/2/2024","15:07",55.6833333333333,NA,"ADFG 244",""
"Seabrooke",303,"B22","XX98","3/31/2024","07:40",57.1196666666667,-163.798,35,"4/2/2024","15:26",55.7666666666667,NA,"",""
"Seabrooke",304,"B23","XY13","3/31/2024","07:53",57.0863333333333,-163.797666666667,36,"4/2/2024","15:46",55.8833333333333,NA,"",""
"Seabrooke",305,"B24","X209","3/31/2024","08:07",57.0531666666667,-163.797333333333,37,"4/2/2024","16:03",55.9333333333333,NA,"ADFG 257",""
"Seabrooke",306,"B25","X501","3/31/2024","08:20",57.02,-163.797,36,"4/2/2024","16:22",56.0333333333333,NA,"ADFG 224",""
"Seabrooke",307,"B26","X18","3/31/2024","08:34",56.9868333333333,-163.796833333333,36,"4/2/2024","16:40",56.1,NA,"",""
"Seabrooke",308,"B27","X43","3/31/2024","08:47",56.9536666666667,-163.7965,37,"4/2/2024","16:58",56.1833333333333,NA,"ABSC 12",""
"Seabrooke",309,"B28","X981","3/31/2024","09:01",56.9205,-163.796166666667,37,"4/2/2024","17:17",56.2666666666667,NA,"",""
"Seabrooke",310,"B29","X220","3/31/2024","09:14",56.8873333333333,-163.796,38,"4/2/2024","17:35",56.35,NA,"",""
"Seabrooke",311,"B30","X213","3/31/2024","09:28",56.8541666666667,-163.7955,38,"4/2/2024","17:54",56.4333333333333,NA,"",""
"Seabrooke",312,"B31","XX39","3/31/2024","09:41",56.8208333333333,-163.795333333333,38,"4/2/2024","18:13",56.5333333333333,NA,"",""
"Seabrooke",313,"B32","XX92","3/31/2024","09:55",56.7876666666667,-163.795,38,"4/2/2024","18:32",56.6166666666667,NA,"ADFG 232",""
"Seabrooke",314,"B33","X210","3/31/2024","10:09",56.7545,-163.794666666667,39,"4/2/2024","18:52",56.7166666666667,NA,"",""
"Seabrooke",315,"B34","XX59","3/31/2024","10:22",56.7213333333333,-163.794333333333,40,"4/2/2024","19:10",56.8,NA,"",""
"Seabrooke",316,"B35","XX57","3/31/2024","10:36",56.6881666666667,-163.794166666667,41,"4/2/2024","19:29",56.8833333333333,NA,"",""
"Seabrooke",317,"CAM2","X225","3/31/2024","10:43",56.6751666666667,-163.793833333333,41,"4/2/2024","19:39",56.9333333333333,NA,"","CAMERA TEST POT"
"Seabrooke",318,"A05","X218","4/2/2024","06:53",57.6646666666667,-164.269666666667,27,"4/3/2024","11:31",28.6333333333333,NA,"",""
"Seabrooke",319,"A06","XY17","4/2/2024","07:06",57.6316666666667,-164.269,28,"4/3/2024","11:48",28.7,NA,"",""
"Seabrooke",320,"A07","XX75","4/2/2024","07:19",57.5985,-164.268166666667,28,"4/3/2024","12:04",28.75,NA,"",""
"Seabrooke",321,"A08","XX70","4/2/2024","07:32",57.5653333333333,-164.2675,29,"4/3/2024","12:20",28.8,NA,"",""
"Seabrooke",322,"A09","X608","4/2/2024","07:46",57.5321666666667,-164.266833333333,29,"4/3/2024","12:36",28.8333333333333,NA,"",""
"Seabrooke",323,"A10","XX45","4/2/2024","08:00",57.499,-164.266,30,"4/3/2024","12:51",28.85,NA,"ADFG 225",""
"Seabrooke",324,"A11","XX73","4/2/2024","08:13",57.4658333333333,-164.265333333333,30,"4/3/2024","13:07",28.9,NA,"ABSC 8",""
"Seabrooke",325,"A12","X402","4/2/2024","08:27",57.4326666666667,-164.264666666667,31,"4/3/2024","13:23",28.9333333333333,NA,"ABSC 7",""
"Seabrooke",326,"A13","XA39","4/2/2024","08:42",57.3991666666667,-164.263,32,"4/3/2024","13:39",28.95,NA,"",""
"Seabrooke",327,"A14","XX61","4/2/2024","08:56",57.3663333333333,-164.263,33,"4/3/2024","13:54",28.9666666666667,NA,"",""
"Seabrooke",328,"A15","XX36","4/2/2024","09:12",57.3331666666667,-164.262333333333,34,"4/3/2024","14:10",28.9666666666667,NA,"ADFG 246",""
"Seabrooke",329,"A16","X67","4/2/2024","09:28",57.3,-164.2615,35,"4/3/2024","14:25",28.95,NA,"ADFG 244",""
"Seabrooke",330,"A17","XA19","4/2/2024","09:44",57.2668333333333,-164.260833333333,35,"4/3/2024","14:41",28.95,NA,"ADFG 233",""
"Seabrooke",331,"A18","X305","4/2/2024","10:00",57.2336666666667,-164.260166666667,36,"4/3/2024","14:56",28.9333333333333,NA,"",""
"Seabrooke",332,"A19","XX24","4/2/2024","10:17",57.2005,-164.2595,36,"4/3/2024","15:12",28.9166666666667,NA,"ADFG 256",""
"Seabrooke",333,"A20","X741","4/2/2024","10:34",57.1673333333333,-164.258833333333,36,"4/3/2024","15:30",28.9333333333333,NA,"",""
"Seabrooke",334,"B15","X225","4/3/2024","05:01",57.3515,-163.8,32,"4/4/2024","11:26",30.4166666666667,NA,"",""
"Seabrooke",335,"B14","XX57","4/3/2024","05:14",57.3846666666667,-163.800333333333,30,"4/4/2024","11:44",30.5,NA,"",""
"Seabrooke",336,"B13","XX59","4/3/2024","05:28",57.4178333333333,-163.800666666667,28,"4/4/2024","11:59",30.5166666666667,NA,"",""
"Seabrooke",337,"B12","XX39","4/3/2024","05:42",57.451,-163.801,28,"4/4/2024","12:14",30.5333333333333,NA,"",""
"Seabrooke",338,"B11","X213","4/3/2024","05:55",57.4843333333333,-163.801333333333,26,"4/4/2024","12:30",30.5833333333333,NA,"",""
"Seabrooke",339,"B10","X210","4/3/2024","06:09",57.5175,-163.801666666667,26,"4/4/2024","12:48",30.65,NA,"",""
"Seabrooke",340,"B09","XX92","4/3/2024","06:23",57.5505,-163.802,27,"4/4/2024","13:07",30.7333333333333,NA,"ADFG 232",""
"Seabrooke",341,"B08","X220","4/3/2024","06:37",57.5836666666667,-163.802333333333,26,"4/4/2024","13:22",30.75,NA,"",""
"Seabrooke",342,"B07","X981","4/3/2024","06:51",57.6168333333333,-163.802666666667,26,"4/4/2024","13:39",30.8,NA,"",""
"Seabrooke",343,"B06","X43","4/3/2024","07:05",57.65,-163.802833333333,25,"4/4/2024","13:54",30.8166666666667,NA,"ABSC 12",""
"Seabrooke",344,"B05","X18","4/3/2024","07:19",57.6831666666667,-163.803333333333,26,"4/4/2024","14:10",30.85,NA,"",""
"Seabrooke",345,"B04","XX67","4/3/2024","07:33",57.7165,-163.803666666667,25,"4/4/2024","14:25",30.8666666666667,NA,"ADFG 244",""
"Seabrooke",346,"B03","X501","4/3/2024","08:09",57.7495,-163.803833333333,25,"4/4/2024","14:41",30.5333333333333,NA,"ADFG 224",""
"Seabrooke",347,"B02","X209","4/3/2024","08:24",57.7826666666667,-163.804166666667,25,"4/4/2024","14:57",30.55,NA,"ADFG 257",""
"Seabrooke",348,"B01","XY13","4/3/2024","08:38",57.8158333333333,-163.8045,25,"4/4/2024","15:13",30.5833333333333,NA,"",""
"Seabrooke",349,"A01","X174","4/3/2024","10:36",57.7975,-164.272833333333,25,"4/4/2024","17:00",30.4,NA,"",""
"Seabrooke",350,"A02","X947","4/3/2024","10:49",57.7641666666667,-164.272,25,"4/4/2024","17:16",30.45,NA,"ABSC 7",""
"Seabrooke",351,"A03","XX18","4/3/2024","11:03",57.7311666666667,-164.271166666667,26,"4/4/2024","17:32",30.4833333333333,NA,"",""
"Seabrooke",352,"A04","XX87","4/3/2024","11:16",57.698,-164.2705,26,"4/4/2024","17:47",30.5166666666667,NA,"",""
"Seabrooke",353,"CAM3","X102","4/3/2024","11:29",57.6666666666667,-164.269666666667,27,"4/4/2024","18:02",30.55,NA,"ADFG 243","CAMERA TEST POT"
"Seabrooke",354,"C01","X741","4/4/2024","05:02",57.8161666666667,-163.335666666667,24,"4/5/2024","10:08",29.1,NA,"",""
"Seabrooke",355,"C02","XX24","4/4/2024","05:16",57.7833333333333,-163.335666666667,24,"4/5/2024","10:25",29.15,NA,"ADFG 256",""
"Seabrooke",356,"C03","X305","4/4/2024","05:30",57.7501666666667,-163.335666666667,25,"4/5/2024","10:41",29.1833333333333,NA,"",""
"Seabrooke",357,"C04","XA19","4/4/2024","05:45",57.717,-163.335833333333,25,"4/5/2024","11:01",29.2666666666667,NA,"ADFG 233",""
"Seabrooke",358,"C05","X67","4/4/2024","05:59",57.6838333333333,-163.336,24,"4/5/2024","11:17",29.3,NA,"ADFG 244",""
"Seabrooke",359,"C06","XX36","4/4/2024","06:13",57.6506666666667,-163.336166666667,25,"4/5/2024","11:38",29.4166666666667,NA,"ADFG 246",""
"Seabrooke",360,"C07","XX61","4/4/2024","06:27",57.6175,-163.336333333333,26,"4/5/2024","11:54",29.45,NA,"",""
"Seabrooke",361,"C08","XA39","4/4/2024","06:40",57.5843333333333,-163.3365,25,"4/5/2024","12:11",29.5166666666667,NA,"",""
"Seabrooke",362,"C09","X402","4/4/2024","06:54",57.5511666666667,-163.3365,26,"4/5/2024","12:28",29.5666666666667,NA,"ABSC 10",""
"Seabrooke",363,"C10","XX73","4/4/2024","07:07",57.518,-163.336666666667,26,"4/5/2024","12:44",29.6166666666667,NA,"ABSC 8",""
"Seabrooke",364,"C11","XX45","4/4/2024","07:21",57.4848333333333,-163.336666666667,26,"4/5/2024","13:00",29.65,NA,"ADFG 225",""
"Seabrooke",365,"C12","X608","4/4/2024","07:35",57.4516666666667,-163.336833333333,27,"4/5/2024","13:16",29.6833333333333,NA,"",""
"Seabrooke",366,"C13","XX70","4/4/2024","07:49",57.4185,-163.337,27,"4/5/2024","13:32",29.7166666666667,NA,"",""
"Seabrooke",367,"C14","XX75","4/4/2024","08:02",57.3853333333333,-163.337166666667,27,"4/5/2024","13:49",29.7833333333333,NA,"",""
"Seabrooke",368,"C15","XC13","4/4/2024","08:15",57.3521666666667,-163.337333333333,27,"4/5/2024","14:04",29.8166666666667,NA,"",""
"Seabrooke",369,"C16","X218","4/4/2024","08:29",57.319,-163.337333333333,28,"4/5/2024","14:20",29.85,NA,"",""
"Seabrooke",370,"C17","XA38","4/4/2024","08:43",57.2858333333333,-163.337666666667,28,"4/5/2024","14:36",29.8833333333333,NA,"",""
"Seabrooke",371,"C18","X22","4/4/2024","08:56",57.2526666666667,-163.337666666667,30,"4/5/2024","14:53",29.95,NA,"",""
"Seabrooke",372,"C19","XX98","4/4/2024","09:09",57.2195,-163.337833333333,31,"4/5/2024","15:09",30,NA,"",""
"Seabrooke",373,"C20","XX56","4/4/2024","09:22",57.1863333333333,-163.338,33,"4/5/2024","15:25",30.05,NA,"ABSC 11",""
"Arctic Lady",1,"G35","X740","3/17/2024","5:59",56.6728166666667,-161.52365,48.9,"3/18/2024","12:44",30.75,NA,"242","Open escape rings (ER): bottom of door (D), top of opposing end (O)"
"Arctic Lady",2,"G36","XA30","3/17/2024","6:15",56.6396,-161.525466666667,45,"3/18/2024","13:03",30.8,NA,"","ER: D"
"Arctic Lady",3,"G37","X260","3/17/2024","6:30",56.6066833333333,-161.527083333333,41.1,"3/18/2024","13:23",30.8833333333333,NA,"","ER: D, O"
"Arctic Lady",4,"G38","X166","3/17/2024","6:45",56.5737666666667,-161.528983333333,37.1,"3/18/2024","13:44",30.9833333333333,NA,"Cory 1","ER: D"
"Arctic Lady",5,"G39","X658","3/17/2024","7:00",56.54005,-161.530566666667,42.4,"3/18/2024","14:06",31.1,NA,"","ER: D"
"Arctic Lady",6,"G40","XX12","3/17/2024","7:14",56.5068333333333,-161.532716666667,36.4,"3/18/2024","14:28",31.2333333333333,NA,"230","ER: D"
"Arctic Lady",7,"G41","X930","3/17/2024","7:28",56.4738,-161.534583333333,36.8,"3/18/2024","14:51",31.3833333333333,NA,"","ER: D"
"Arctic Lady",8,"G42","X301","3/17/2024","7:42",56.4405166666667,-161.53615,35.8,"3/18/2024","15:15",31.55,NA,"","ER: D, O"
"Arctic Lady",9,"G43","XD26","3/17/2024","7:56",56.4074833333333,-161.537933333333,35.6,"3/18/2024","15:36",31.6666666666667,NA,"238","ER: D"
"Arctic Lady",10,"G44","XD12","3/17/2024","8:10",56.3741166666667,-161.539616666667,36.9,"3/18/2024","15:58",31.8,NA,"Cory 2","ER: D"
"Arctic Lady",11,"G45","XD16","3/17/2024","8:25",56.3409333333333,-161.5417,34.5,"3/18/2024","16:23",31.9666666666667,NA,"","ER: D"
"Arctic Lady",12,"G46","X159","3/17/2024","8:39",56.3077833333333,-161.54315,34,"3/18/2024","16:46",32.1166666666667,NA,"241","ER: D, O"
"Arctic Lady",13,"G47","XX76","3/17/2024","8:53",56.2743666666667,-161.545,34.3,"3/18/2024","17:08",32.25,NA,"","ER: D"
"Arctic Lady",14,"G48","Xx   072","3/17/2024","9:07",56.2412,-161.546666666667,32.9,"3/18/2024","17:30",32.3833333333333,NA,"254","ER: D"
"Arctic Lady",15,"G49","X322","3/17/2024","9:21",56.2081333333333,-161.5486,30.9,"3/18/2024","17:51",32.5,NA,"","ER: D, O"
"Arctic Lady",16,"G50","X724","3/17/2024","9:34",56.1749333333333,-161.549883333333,29.5,"3/18/2024","18:12",32.6333333333333,NA,"","ER: D"
"Arctic Lady",17,"G51","XX15","3/17/2024","9:48",56.14165,-161.55165,28.5,"3/18/2024","18:30",32.7,NA,"247","ER: D"
"Arctic Lady",18,"G52","X686","3/17/2024","10:02",56.1085833333333,-161.55325,25.8,"3/18/2024","18:50",32.8,NA,"","ER: D, O"
"Arctic Lady",19,"G53","XA18","3/17/2024","10:16",56.0753666666667,-161.555716666667,23.6,"3/18/2024","19:09",32.8833333333333,NA,"Cory 3","ER: D"
"Arctic Lady",20,"G54","XX43","3/17/2024","10:30",56.0420833333333,-161.557,16.1,"3/18/2024","19:29",32.9833333333333,NA,"","ER: D"
"Arctic Lady",21,"H51","Xcork","3/18/2024","6:25",56.16655,-161.10255,20.6,"3/19/2024","12:24",29.9833333333333,NA,"240","ER: D; Diver removed on Set 21 due to presence/expectation of sea ice 'advance' from Pt Moller w/ wind shift today"
"Arctic Lady",22,"H50","X214","3/18/2024","6:38",56.1998333333333,-161.1004,22.6,"3/19/2024","12:42",30.0666666666667,NA,"","ER: D"
"Arctic Lady",23,"H49","XX49","3/18/2024","6:50",56.233,-161.098283333333,24.2,"3/19/2024","12:59",30.15,NA,"","ER: D, O"
"Arctic Lady",24,"H48","Xx   010","3/18/2024","7:03",56.2661666666667,-161.0952,26.6,"3/19/2024","13:16",30.2166666666667,NA,"55","ER: D, O"
"Arctic Lady",25,"H47","X823","3/18/2024","7:16",56.2992,-161.095416666667,27.4,"3/19/2024","13:34",30.3,NA,"","ER: D"
"Arctic Lady",26,"H46","X165","3/18/2024","7:29",56.3325833333333,-161.093433333333,28.9,"3/19/2024","13:50",30.35,NA,"Cory 4","ER: D, O"
"Arctic Lady",27,"H45","X875","3/18/2024","7:42",56.3658666666667,-161.0888,31.4,"3/19/2024","14:08",30.4333333333333,NA,"245","ER: D, O"
"Arctic Lady",28,"H44","XX62","3/18/2024","7:55",56.39925,-161.085883333333,32.4,"3/19/2024","14:26",30.5166666666667,NA,"","ER: D"
"Arctic Lady",29,"H43","XA31","3/18/2024","8:08",56.4323666666667,-161.0844,34,"3/19/2024","14:45",30.6166666666667,NA,"","ER: D"
"Arctic Lady",30,"H42","X103","3/18/2024","8:21",56.4653333333333,-161.0829,35.6,"3/19/2024","15:05",30.7333333333333,NA,"","no escape rings"
"Arctic Lady",31,"H41","XA45","3/18/2024","8:35",56.4986,-161.080816666667,36.8,"3/19/2024","15:24",30.8166666666667,NA,"Cory 5","ER: D"
"Arctic Lady",32,"H40","X900","3/18/2024","8:48",56.5318666666667,-161.078716666667,37.4,"3/19/2024","15:45",30.95,NA,"","ER: D"
"Arctic Lady",33,"H39","Xx   040","3/18/2024","9:01",56.5650666666667,-161.076083333333,38,"3/19/2024","16:10",31.15,NA,"228","ER: D"
"Arctic Lady",34,"H38","X162","3/18/2024","9:15",56.5984333333333,-161.073416666667,37.1,"3/19/2024","16:34",31.3166666666667,NA,"","ER: D"
"Arctic Lady",35,"H37","XY18","3/18/2024","9:29",56.6315666666667,-161.071683333333,37.2,"3/19/2024","16:54",31.4166666666667,NA,"","ER: D"
"Arctic Lady",36,"H36","X919","3/18/2024","9:42",56.6643666666667,-161.069933333333,36.9,"3/19/2024","17:14",31.5333333333333,NA,"","ER: D"
"Arctic Lady",37,"H35","XA03","3/18/2024","9:56",56.6977666666667,-161.0676,36,"3/19/2024","17:34",31.6333333333333,NA,"","ER: D"
"Arctic Lady",38,"H34","XA49","3/18/2024","10:10",56.7308,-161.0662,38.6,"3/19/2024","17:54",31.7333333333333,NA,"248","ER: D; May have landed upside-down (noted on setting)"
"Arctic Lady",39,"H33","X913","3/18/2024","10:23",56.7640166666667,-161.063466666667,38.2,"3/19/2024","18:15",31.8666666666667,NA,"Cory 6","ER: D, O"
"Arctic Lady",40,"H32","XX86","3/18/2024","10:37",56.7976,-161.061666666667,40,"3/19/2024","18:35",31.9666666666667,NA,"","ER: D"
"Arctic Lady",41,"I36","X631","3/19/2024","5:40",56.6567833333333,-160.616383333333,35.6,"3/20/2024","14:38",32.9666666666667,NA,"","ER: D"
"Arctic Lady",42,"I37","XA18","3/19/2024","6:01",56.62175,-160.61605,35,"3/20/2024","15:02",33.0166666666667,NA,"Cory 3","ER: D"
"Arctic Lady",43,"I38","X686","3/19/2024","6:19",56.58815,-160.620316666667,33.6,"3/20/2024","15:21",33.0333333333333,NA,"","ER: D, O"
"Arctic Lady",44,"I39","XX15","3/19/2024","6:37",56.55565,-160.623566666667,32.2,"3/20/2024","15:39",33.0333333333333,NA,"247","ER: D"
"Arctic Lady",45,"I40","X724","3/19/2024","6:59",56.52275,-160.6255,31.4,"3/20/2024","15:57",32.9666666666667,NA,"","ER: D"
"Arctic Lady",46,"I41","X322","3/19/2024","7:18",56.4885166666667,-160.629233333333,29.8,"3/20/2024","16:15",32.95,NA,"","ER: D, O"
"Arctic Lady",47,"I42","Xx  072","3/19/2024","7:35",56.45535,-160.630683333333,27.6,"3/20/2024","16:32",32.95,NA,"254","ER: D"
"Arctic Lady",48,"I43","XX76","3/19/2024","7:50",56.4226666666667,-160.634833333333,25.3,"3/20/2024","16:51",33.0166666666667,NA,"","ER: D"
"Arctic Lady",49,"I44","X159","3/19/2024","8:06",56.3897333333333,-160.6379,21.7,"3/20/2024","17:07",33.0166666666667,NA,"241","ER: D, O"
"Arctic Lady",50,"I45","XD16","3/19/2024","8:21",56.3568333333333,-160.63865,22.4,"3/20/2024","17:24",33.05,NA,"","ER: D"
"Arctic Lady",51,"I46","XD12","3/19/2024","8:36",56.32385,-160.642133333333,18.9,"3/20/2024","17:53",33.2833333333333,NA,"Cory 2","ER: D"
"Arctic Lady",52,"I47","XD26","3/19/2024","8:50",56.2904666666667,-160.645266666667,16.9,"3/20/2024","18:10",33.3333333333333,NA,"238","ER: D"
"Arctic Lady",53,"I48","X301","3/19/2024","9:04",56.2578333333333,-160.648766666667,13.4,"3/20/2024","18:27",33.3833333333333,NA,"","ER: D, O"
"Arctic Lady",54,"I49","X930","3/19/2024","9:19",56.2236833333333,-160.651166666667,15,"3/20/2024","18:47",33.4666666666667,NA,"","ER: D"
"Arctic Lady",55,"I50","XX12","3/19/2024","9:33",56.1916166666667,-160.653,14,"3/20/2024","19:04",33.5166666666667,NA,"230","ER: D"
"Arctic Lady",56,"J40","XX86","3/20/2024","6:18",56.5099666666667,-160.177166666667,16.8,"3/21/2024","15:46",33.4666666666667,NA,"","ER: D, O"
"Arctic Lady",57,"J39","X913","3/20/2024","6:30",56.54335,-160.171466666667,18,"3/21/2024","16:03",33.55,NA,"Cory 6","ER: D"
"Arctic Lady",58,"J38","XA49","3/20/2024","6:42",56.5764833333333,-160.169483333333,23.9,"3/21/2024","16:21",33.65,NA,"248","ER: D, O"
"Arctic Lady",59,"J37","XA03","3/20/2024","6:55",56.60955,-160.1661,24.3,"3/21/2024","16:38",33.7166666666667,NA,"","ER: D"
"Arctic Lady",60,"J36","X919","3/20/2024","7:07",56.6423666666667,-160.163266666667,26.4,"3/21/2024","16:55",33.8,NA,"","ER: D"
"Arctic Lady",61,"J35","XY18","3/20/2024","7:19",56.6752,-160.160166666667,26.8,"3/21/2024","17:12",33.8833333333333,NA,"","ER: D; White buoy pulled off for ice concerns"
"Arctic Lady",62,"J34","X162","3/20/2024","7:48",56.7087833333333,-160.158,30,"3/21/2024","17:29",33.6833333333333,NA,"","ER: D"
"Arctic Lady",63,"J33","Xx   040","3/20/2024","8:01",56.7421,-160.1551,32.1,"3/21/2024","17:46",33.75,NA,"228","ER: D"
"Arctic Lady",64,"J32","X900","3/20/2024","8:13",56.7750833333333,-160.151083333333,31.8,"3/21/2024","18:03",33.8333333333333,NA,"","ER: D"
"Arctic Lady",65,"J31","XA45","3/20/2024","8:25",56.80875,-160.146766666667,32,"3/21/2024","18:19",33.9,NA,"Cory 5","ER: D"
"Arctic Lady",66,"J30","X103","3/20/2024","8:38",56.8415666666667,-160.143766666667,33,"3/21/2024","18:36",33.9666666666667,NA,"","no escape rings"
"Arctic Lady",67,"J29","XA31","3/20/2024","8:50",56.8750333333333,-160.14215,32.2,"3/21/2024","18:53",34.05,NA,"","ER: D"
"Arctic Lady",68,"J28","X162","3/20/2024","9:02",56.9077333333333,-160.140783333333,33.2,"3/21/2024","19:10",34.1333333333333,NA,"","ER: D"
"Arctic Lady",69,"J27","X875","3/20/2024","9:16",56.9435166666667,-160.13505,35,"3/21/2024","19:28",34.2,NA,"245","ER: D, O"
"Arctic Lady",70,"J26","X165","3/20/2024","9:27",56.9737166666667,-160.133833333333,34,"3/21/2024","19:45",34.3,NA,"Cory 4","ER: D, O"
"Arctic Lady",71,"J25","X623","3/20/2024","9:40",57.00775,-160.1308,35,"3/21/2024","20:03",34.3833333333333,NA,"","ER: D"
"Arctic Lady",72,"J24","Xx   010","3/20/2024","9:52",57.0404166666667,-160.12635,34,"3/21/2024","20:21",34.4833333333333,NA,"255","ER: D, O"
"Arctic Lady",73,"J23","XX49","3/20/2024","10:05",57.0737,-160.122916666667,34,"3/21/2024","20:39",34.5666666666667,NA,"","ER: D, O"
"Arctic Lady",74,"J22","X214","3/20/2024","10:17",57.1068333333333,-160.119616666667,33,"3/21/2024","20:57",34.6666666666667,NA,"","ER: D"
"Arctic Lady",75,"J21","X425","3/20/2024","10:30",57.1403666666667,-160.117166666667,32.1,"3/21/2024","21:15",34.75,NA,"242","ER: D"
"Arctic Lady",76,"K10","XX12","3/21/2024","6:42",57.5251333333333,-159.61575,27,"3/22/2024","12:50",30.1333333333333,NA,"","ER: D"
"Arctic Lady",77,"K11","X930","3/21/2024","6:59",57.4916,-159.616566666667,26.7,"3/22/2024","13:06",30.1166666666667,NA,"","ER: D"
"Arctic Lady",78,"K12","X301","3/21/2024","7:17",57.4580333333333,-159.619266666667,27.4,"3/22/2024","13:22",30.0833333333333,NA,"","ER: D, O"
"Arctic Lady",79,"K13","XD26","3/21/2024","7:35",57.4256666666667,-159.624666666667,30.3,"3/22/2024","13:36",30.0166666666667,NA,"238","ER: D"
"Arctic Lady",80,"K14","XD12","3/21/2024","7:52",57.3936666666667,-159.62735,30,"3/22/2024","13:54",30.0333333333333,NA,"Cory 2","ER: D"
"Arctic Lady",81,"K15","XD16","3/21/2024","8:11",57.3590166666667,-159.630866666667,29.6,"3/22/2024","14:11",30,NA,"","ER: D"
"Arctic Lady",82,"K16","X159","3/21/2024","8:29",57.3264166666667,-159.634983333333,30,"3/22/2024","14:28",29.9833333333333,NA,"241","ER: D, O"
"Arctic Lady",83,"K17","XX76","3/21/2024","8:46",57.2934166666667,-159.6387,30.9,"3/22/2024","14:45",29.9833333333333,NA,"","ER: D"
"Arctic Lady",84,"K18","Xx  072","3/21/2024","9:03",57.2615,-159.640183333333,30.9,"3/22/2024","15:02",29.9833333333333,NA,"254","ER: D"
"Arctic Lady",85,"K19","Xx  322","3/21/2024","9:21",57.2247,-159.646216666667,30.9,"3/22/2024","15:21",30,NA,"","ER: D, O"
"Arctic Lady",86,"K20","Xx  724","3/21/2024","9:37",57.19285,-159.648933333333,31.1,"3/22/2024","15:38",30.0166666666667,NA,"","ER: D"
"Arctic Lady",87,"K21","XX15","3/21/2024","9:56",57.1600833333333,-159.652566666667,31.3,"3/22/2024","15:54",29.9666666666667,NA,"247","ER: D"
"Arctic Lady",88,"K22","Xx  686","3/21/2024","10:15",57.12745,-159.659233333333,31.5,"3/22/2024","16:10",29.9166666666667,NA,"","ER: D, O"
"Arctic Lady",89,"K23","XA18","3/21/2024","10:33",57.0946833333333,-159.663866666667,30.6,"3/22/2024","16:27",29.9,NA,"Cory 3","ER: D"
"Arctic Lady",90,"K24","Xx  631","3/21/2024","10:51",57.0617,-159.665916666667,31,"3/22/2024","16:44",29.8833333333333,NA,"","ER: D"
"Arctic Lady",91,"K25","Xx  658","3/21/2024","11:09",57.0281333333333,-159.6704,31,"3/22/2024","17:01",29.8666666666667,NA,"","ER: D"
"Arctic Lady",92,"K26","Xx  166","3/21/2024","11:25",56.99445,-159.6722,29.9,"3/22/2024","17:17",29.8666666666667,NA,"Cory 1","ER: D"
"Arctic Lady",93,"K27","Xx  260","3/21/2024","11:42",56.9615833333333,-159.674183333333,29.7,"3/22/2024","17:34",29.8666666666667,NA,"","ER: D, O"
"Arctic Lady",94,"K28","XA30","3/21/2024","11:59",56.9285666666667,-159.679283333333,28.2,"3/22/2024","17:51",29.8666666666667,NA,"","ER: D"
"Arctic Lady",95,"K29","Xx  740","3/21/2024","12:16",56.8950333333333,-159.685316666667,27.4,"3/22/2024","18:08",29.8666666666667,NA,"242","ER: D, O"
"Arctic Lady",96,"J20","Xx  425","3/22/2024","5:58",57.173,-160.116783333333,31.9,"3/24/2024","11:49",53.85,NA,"240","ER: D"
"Arctic Lady",97,"J19","Xx 214","3/22/2024","6:12",57.2055333333333,-160.1121,32.1,"3/24/2024","12:07",53.9166666666667,NA,"","ER: D"
"Arctic Lady",98,"J18","XX49","3/22/2024","6:26",57.239,-160.108666666667,32,"3/24/2024","12:24",53.9666666666667,NA,"","ER: D, O"
"Arctic Lady",99,"J17","Xx  010","3/22/2024","6:40",57.2721666666667,-160.104466666667,32,"3/24/2024","12:40",54,NA,"255","ER: D, O"
"Arctic Lady",100,"J16","Xx  823","3/22/2024","6:55",57.3051666666667,-160.1003,32.4,"3/24/2024","12:58",54.05,NA,"","ER: D"
"Arctic Lady",101,"J15","Xx  165","3/22/2024","7:08",57.33825,-160.097016666667,31.9,"3/24/2024","13:15",54.1166666666667,NA,"Cory 4","ER: D, O"
"Arctic Lady",102,"J14","Xx  875","3/22/2024","7:22",57.37125,-160.093466666667,30.9,"3/24/2024","13:31",54.15,NA,"245","ER: D, O"
"Arctic Lady",103,"J13","XX62","3/22/2024","7:36",57.4045166666667,-160.092066666667,30.8,"3/24/2024","13:47",54.1833333333333,NA,"","ER: D"
"Arctic Lady",104,"J12","XA31","3/22/2024","7:49",57.4377333333333,-160.090166666667,30,"3/24/2024","14:05",54.2666666666667,NA,"","ER: D"
"Arctic Lady",105,"J11","Xx  103","3/22/2024","8:03",57.47095,-160.087866666667,29.7,"3/24/2024","14:23",54.3333333333333,NA,"","no escape rings"
"Arctic Lady",106,"J10","XA45","3/22/2024","8:16",57.5038,-160.084483333333,29.5,"3/24/2024","14:41",54.4166666666667,NA,"Cory 5","ER: D"
"Arctic Lady",107,"J09","X900","3/22/2024","8:29",57.5367,-160.080883333333,29.2,"3/24/2024","14:58",54.4833333333333,NA,"","ER: D"
"Arctic Lady",108,"J08","Xx  040","3/22/2024","8:43",57.57,-160.076833333333,28.8,"3/24/2024","15:16",54.55,NA,"228","ER: D"
"Arctic Lady",109,"J07","X162","3/22/2024","8:56",57.6031,-160.072733333333,28.5,"3/24/2024","15:33",54.6166666666667,NA,"","ER: D; Crab with Harness from Satellite Tag. Harness was removed and crab was released into water. Yellow tag number: 2543"
"Arctic Lady",110,"J06","XY18","3/22/2024","9:09",57.6359333333333,-160.069433333333,27,"3/24/2024","15:50",54.6833333333333,NA,"","ER: D"
"Arctic Lady",111,"J05","X919","3/22/2024","9:22",57.66915,-160.06645,27,"3/24/2024","16:07",54.75,NA,"","ER: D"
"Arctic Lady",112,"J04","XA03","3/22/2024","9:35",57.7024166666667,-160.063266666667,26.9,"3/24/2024","16:23",54.8,NA,"","ER: D"
"Arctic Lady",113,"J03","XA49","3/22/2024","9:48",57.7356,-160.06005,26.4,"3/24/2024","16:39",54.85,NA,"248","ER: D, O"
"Arctic Lady",114,"J02","X913","3/22/2024","10:01",57.7686833333333,-160.056333333333,26.6,"3/24/2024","16:57",54.9333333333333,NA,"Cory 6","ER: D"
"Arctic Lady",115,"J01","XX86","3/22/2024","10:14",57.8014666666667,-160.05255,26.4,"3/24/2024","17:14",55,NA,"","ER: D, O"
"Arctic Lady",116,"I01","X740","3/24/2024","5:51",57.8154833333333,-160.524583333333,29,"3/25/2024","12:18",30.45,NA,"242","ER: D, O"
"Arctic Lady",117,"I02","XA30","3/24/2024","6:04",57.7822333333333,-160.528233333333,29.7,"3/25/2024","12:35",30.5166666666667,NA,"","ER: D"
"Arctic Lady",118,"I03","X260","3/24/2024","6:18",57.7491,-160.530516666667,30,"3/25/2024","12:52",30.5666666666667,NA,"","ER: D, O"
"Arctic Lady",119,"I04","X166","3/24/2024","6:31",57.7164666666667,-160.53195,30,"3/25/2024","13:10",30.65,NA,"Cory 1","ER: D"
"Arctic Lady",120,"I05","X658","3/24/2024","6:45",57.6843666666667,-160.5342,30.7,"3/25/2024","13:25",30.6666666666667,NA,"","ER: D"
"Arctic Lady",121,"I06","X631","3/24/2024","6:59",57.65035,-160.535583333333,30.6,"3/25/2024","13:46",30.7833333333333,NA,"","ER: D"
"Arctic Lady",122,"I07","XA18","3/24/2024","7:12",57.6172666666667,-160.53875,31.5,"3/25/2024","14:02",30.8333333333333,NA,"Cory 3","ER: D"
"Arctic Lady",123,"I08","X686","3/24/2024","7:26",57.5826,-160.541016666667,31.5,"3/25/2024","14:21",30.9166666666667,NA,"","ER: D, O"
"Arctic Lady",124,"I09","XX15","3/24/2024","7:39",57.5508833333333,-160.542216666667,32.3,"3/25/2024","14:37",30.9666666666667,NA,"247","ER: D"
"Arctic Lady",125,"I10","X724","3/24/2024","7:53",57.5178333333333,-160.54685,32.7,"3/25/2024","14:55",31.0333333333333,NA,"","ER: D"
"Arctic Lady",126,"I11","X322","3/24/2024","8:07",57.4846333333333,-160.549283333333,33.2,"3/25/2024","15:12",31.0833333333333,NA,"","ER: D, O"
"Arctic Lady",127,"I12","Xx  072","3/24/2024","8:20",57.4515666666667,-160.551283333333,32,"3/25/2024","15:31",31.1833333333333,NA,"254","ER: D"
"Arctic Lady",128,"I13","XX76","3/24/2024","8:34",57.4179666666667,-160.553316666667,33.2,"3/25/2024","15:49",31.25,NA,"","ER: D"
"Arctic Lady",129,"I14","X159","3/24/2024","8:48",57.3850833333333,-160.556216666667,32,"3/25/2024","16:06",31.3,NA,"241","ER: D, O"
"Arctic Lady",130,"I15","XD16","3/24/2024","9:02",57.3522166666667,-160.559183333333,33.8,"3/25/2024","16:24",31.3666666666667,NA,"","ER: D"
"Arctic Lady",131,"I16","XD12","3/24/2024","9:16",57.31875,-160.561866666667,33.2,"3/25/2024","16:43",31.45,NA,"Cory 2","ER: D"
"Arctic Lady",132,"I17","XD26","3/24/2024","9:29",57.2862,-160.564183333333,34,"3/25/2024","17:02",31.55,NA,"238","ER: D"
"Arctic Lady",133,"I18","X301","3/24/2024","9:43",57.2527,-160.567533333333,34.6,"3/25/2024","17:20",31.6166666666667,NA,"","ER: D, O"
"Arctic Lady",134,"I19","X930","3/24/2024","9:57",57.21995,-160.5722,34.7,"3/25/2024","17:40",31.7166666666667,NA,"","ER: D"
"Arctic Lady",135,"I20","XX12","3/24/2024","10:11",57.1867833333333,-160.575866666667,33,"3/25/2024","18:00",31.8166666666667,NA,"230","ER: D"
"Arctic Lady",136,"H20","XX86","3/25/2024","5:53",57.1952666666667,-161.03685,36.1,"3/26/2024","12:05",30.2,NA,"","ER: D, O; Pot may have flipped on deployment"
"Arctic Lady",137,"H19","X913","3/25/2024","6:07",57.2283166666667,-161.035083333333,34.8,"3/26/2024","12:22",30.25,NA,"Cory 6","ER: D"
"Arctic Lady",138,"H18","XA49","3/25/2024","6:21",57.2611833333333,-161.03225,32,"3/26/2024","12:39",30.3,NA,"248","ER: D, O"
"Arctic Lady",139,"H17","XA03","3/25/2024","6:35",57.29415,-161.029083333333,32.7,"3/26/2024","12:58",30.3833333333333,NA,"","ER: D"
"Arctic Lady",140,"H16","X919","3/25/2024","6:50",57.327,-161.025066666667,33.3,"3/26/2024","13:17",30.45,NA,"","ER: D"
"Arctic Lady",141,"H15","XY18","3/25/2024","7:04",57.3601833333333,-161.0235,32.7,"3/26/2024","13:34",30.5,NA,"","ER: D"
"Arctic Lady",142,"H14","X162","3/25/2024","7:18",57.3932166666667,-161.023,32.6,"3/26/2024","13:51",30.55,NA,"","ER: D"
"Arctic Lady",143,"H13","Xx  040","3/25/2024","7:32",57.4264166666667,-161.019916666667,30.9,"3/26/2024","14:08",30.6,NA,"228","ER: D"
"Arctic Lady",144,"H12","X900","3/25/2024","7:45",57.4595,-161.016733333333,31.3,"3/26/2024","14:25",30.6666666666667,NA,"","ER: D"
"Arctic Lady",145,"H11","XA45","3/25/2024","7:59",57.4928166666667,-161.01415,30.7,"3/26/2024","14:41",30.7,NA,"Cory 5","ER: D"
"Arctic Lady",146,"H10","X103","3/25/2024","8:13",57.52625,-161.01245,30.7,"3/26/2024","14:56",30.7166666666667,NA,"","no escape rings"
"Arctic Lady",147,"H09","XA31","3/25/2024","8:26",57.5591333333333,-161.009916666667,30.5,"3/26/2024","15:13",30.7833333333333,NA,"","ER: D"
"Arctic Lady",148,"H08","XX62","3/25/2024","8:40",57.5921666666667,-161.006633333333,30.2,"3/26/2024","15:29",30.8166666666667,NA,"","ER: D"
"Arctic Lady",149,"H07","X875","3/25/2024","8:54",57.62625,-161.0038,30,"3/26/2024","15:45",30.85,NA,"245","ER: D, O"
"Arctic Lady",150,"H06","X165","3/25/2024","9:08",57.6587666666667,-161.001216666667,29.7,"3/26/2024","16:01",30.8833333333333,NA,"Cory 4","ER: D, O"
"Arctic Lady",151,"H05","X823","3/25/2024","9:23",57.69125,-160.999933333333,29.1,"3/26/2024","16:17",30.9,NA,"","ER: D"
"Arctic Lady",152,"H04","Xx  010","3/25/2024","9:37",57.7242833333333,-160.996183333333,28.5,"3/26/2024","16:33",30.9333333333333,NA,"255","ER: D, O"
"Arctic Lady",153,"H03","XX49","3/25/2024","9:52",57.7583666666667,-160.993266666667,27.9,"3/26/2024","16:47",30.9166666666667,NA,"","ER: D, O"
"Arctic Lady",154,"H02","X214","3/25/2024","10:06",57.79105,-160.9926,27.8,"3/26/2024","17:08",31.0333333333333,NA,"","ER: D"
"Arctic Lady",155,"H01","X425","3/25/2024","10:21",57.8256333333333,-160.988866666667,26.2,"3/26/2024","17:27",31.1,NA,"240","ER: D"
"Arctic Lady",156,"I35","XX12","3/26/2024","5:57",56.6862666666667,-160.6157,35.6,"3/27/2024","12:01",30.0666666666667,NA,"","Escape rings on all pots closed from here onward"
"Arctic Lady",157,"I34","X930","3/26/2024","6:13",56.7206833333333,-160.614166666667,37,"3/27/2024","12:19",30.1,NA,"",""
"Arctic Lady",158,"I33","X301","3/26/2024","6:27",56.7535,-160.609616666667,36.6,"3/27/2024","12:35",30.1333333333333,NA,"",""
"Arctic Lady",159,"I32","XD26","3/26/2024","6:43",56.7863666666667,-160.606983333333,36,"3/27/2024","12:51",30.1333333333333,NA,"238",""
"Arctic Lady",160,"I31","XD12","3/26/2024","6:57",56.8192833333333,-160.604383333333,35.6,"3/27/2024","13:14",30.2833333333333,NA,"Cory 2",""
"Arctic Lady",161,"I30","XD16","3/26/2024","7:12",56.8526833333333,-160.60105,35.9,"3/27/2024","13:31",30.3166666666667,NA,"",""
"Arctic Lady",162,"I29","X159","3/26/2024","7:27",56.8858833333333,-160.598133333333,36.4,"3/27/2024","13:48",30.35,NA,"241",""
"Arctic Lady",163,"I28","XX76","3/26/2024","7:42",56.9188833333333,-160.597166666667,34.9,"3/27/2024","14:05",30.3833333333333,NA,"",""
"Arctic Lady",164,"I27","Xx  072","3/26/2024","7:57",56.95275,-160.595133333333,33.6,"3/27/2024","14:22",30.4166666666667,NA,"254",""
"Arctic Lady",165,"I26","X322","3/26/2024","8:11",56.98555,-160.592316666667,34.2,"3/27/2024","14:38",30.45,NA,"",""
"Arctic Lady",166,"I25","X724","3/26/2024","8:26",57.0186833333333,-160.58855,36.5,"3/27/2024","14:52",30.4333333333333,NA,"",""
"Arctic Lady",167,"I24","XX15","3/26/2024","8:40",57.05185,-160.584233333333,34.7,"3/27/2024","15:12",30.5333333333333,NA,"247",""
"Arctic Lady",168,"I23","X686","3/26/2024","8:55",57.0848,-160.582133333333,35,"3/27/2024","15:30",30.5833333333333,NA,"",""
"Arctic Lady",169,"I22","XA18","3/26/2024","9:09",57.1179833333333,-160.580816666667,34,"3/27/2024","15:49",30.6666666666667,NA,"Cory 3",""
"Arctic Lady",170,"I21","X631","3/26/2024","9:23",57.1513166666667,-160.57925,34.6,"3/27/2024","16:07",30.7333333333333,NA,"",""
"Arctic Lady",171,"BAIT1","X425","3/27/2024","5:42",57.29795,-161.108033333333,35,"3/28/2024","13:00",31.3,NA,"240","HB"
"Arctic Lady",172,"BAIT2","X214","3/27/2024","5:45",57.2939333333333,-161.108216666667,35.3,"3/28/2024","13:16",31.5166666666667,NA,"","BB"
"Arctic Lady",173,"BAIT3","XX49","3/27/2024","5:48",57.2898833333333,-161.108533333333,35.6,"3/28/2024","13:27",31.65,NA,"","HB"
"Arctic Lady",174,"BAIT4","Xx  010","3/27/2024","5:50",57.2858,-161.108616666667,35.6,"3/28/2024","13:41",31.85,NA,"255","BB"
"Arctic Lady",175,"BAIT5","X823","3/27/2024","5:53",57.2817166666667,-161.109133333333,35.8,"3/28/2024","13:50",31.95,NA,"","HB"
"Arctic Lady",176,"BAIT6","X165","3/27/2024","5:55",57.2775166666667,-161.109516666667,35.7,"3/28/2024","14:07",32.2,NA,"Cory 4","BB"
"Arctic Lady",177,"BAIT7","X875","3/27/2024","5:58",57.27325,-161.10995,35.6,"3/28/2024","14:15",32.2833333333333,NA,"256","HB"
"Arctic Lady",178,"BAIT8","XX62","3/27/2024","6:00",57.2692333333333,-161.1103,35.5,"3/28/2024","14:30",32.5,NA,"","BB"
"Arctic Lady",179,"BAIT9","XA31","3/27/2024","6:03",57.2651166666667,-161.110583333333,35.3,"3/28/2024","14:41",32.6333333333333,NA,"","HB"
"Arctic Lady",180,"BAIT10","X103","3/27/2024","6:05",57.2607833333333,-161.110933333333,35.3,"3/28/2024","14:53",32.8,NA,"","BB"
"Arctic Lady",181,"COFFIN1","XRES","3/27/2024","6:09",57.2566166666667,-161.111366666667,35.2,"3/28/2024","15:02",32.8833333333333,NA,"","Coffin Pot, HB"
"Arctic Lady",182,"H21","XA45","3/27/2024","6:55",57.1635333333333,-161.03655,35.5,"3/28/2024","15:54",32.9833333333333,NA,"Cory 5",""
"Arctic Lady",183,"H22","X900","3/27/2024","7:08",57.1298833333333,-161.0395,35.2,"3/28/2024","16:13",33.0833333333333,NA,"",""
"Arctic Lady",184,"H23","Xx  040","3/27/2024","7:22",57.0968333333333,-161.040616666667,36.9,"3/28/2024","16:31",33.15,NA,"228",""
"Arctic Lady",185,"H24","X162","3/27/2024","7:36",57.0637666666667,-161.043433333333,37.4,"3/28/2024","16:49",33.2166666666667,NA,"",""
"Arctic Lady",186,"H25","XY18","3/27/2024","7:50",57.0299166666667,-161.04695,34.7,"3/28/2024","17:07",33.2833333333333,NA,"",""
"Arctic Lady",187,"H26","X919","3/27/2024","8:03",56.9975,-161.047466666667,36.4,"3/28/2024","17:24",33.35,NA,"",""
"Arctic Lady",188,"H27","XA03","3/27/2024","8:17",56.9637333333333,-161.048,35.7,"3/28/2024","17:40",33.3833333333333,NA,"",""
"Arctic Lady",189,"H28","XA49","3/27/2024","8:31",56.9311,-161.0479,30.5,"3/28/2024","18:00",33.4833333333333,NA,"248",""
"Arctic Lady",190,"H29","X913","3/27/2024","8:45",56.8981166666667,-161.055333333333,37.5,"3/28/2024","18:17",33.5333333333333,NA,"Cory 6",""
"Arctic Lady",191,"H30","XX86","3/27/2024","8:59",56.8645,-161.058433333333,37.4,"3/28/2024","18:36",33.6166666666667,NA,"",""
"Arctic Lady",192,"H31","X658","3/27/2024","9:13",56.83155,-161.05865,40,"3/28/2024","18:54",33.6833333333333,NA,"",""
"Arctic Lady",193,"G01","X631","3/28/2024","5:57",57.80105,-161.462,26.3,"3/29/2024","11:36",29.65,NA,"",""
"Arctic Lady",194,"G02","XA18","3/28/2024","6:10",57.76775,-161.464783333333,26.2,"3/29/2024","11:57",29.7833333333333,NA,"",""
"Arctic Lady",195,"G03","X686","3/28/2024","6:24",57.7347833333333,-161.466466666667,26.8,"3/29/2024","12:18",29.9,NA,"",""
"Arctic Lady",196,"G04","XX15","3/28/2024","6:39",57.7013666666667,-161.466716666667,26.7,"3/29/2024","12:39",30,NA,"247",""
"Arctic Lady",197,"G05","X724","3/28/2024","6:53",57.6686666666667,-161.469466666667,28.2,"3/29/2024","13:00",30.1166666666667,NA,"",""
"Arctic Lady",198,"G06","X322","3/28/2024","7:08",57.6354666666667,-161.471783333333,28.4,"3/29/2024","13:22",30.2333333333333,NA,"",""
"Arctic Lady",199,"G07","Xx  072","3/28/2024","7:22",57.6023333333333,-161.471533333333,27.6,"3/29/2024","13:45",30.3833333333333,NA,"254",""
"Arctic Lady",200,"G08","XX76","3/28/2024","7:36",57.56895,-161.474866666667,27.1,"3/29/2024","14:07",30.5166666666667,NA,"",""
"Arctic Lady",201,"G09","X159","3/28/2024","7:51",57.5355,-161.478466666667,27.1,"3/29/2024","14:29",30.6333333333333,NA,"241",""
"Arctic Lady",202,"G10","XD16","3/28/2024","8:05",57.5030166666667,-161.478366666667,27.4,"3/29/2024","14:50",30.75,NA,"",""
"Arctic Lady",203,"G11","XD12","3/28/2024","8:19",57.46965,-161.478516666667,28,"3/29/2024","15:12",30.8833333333333,NA,"Cory 2",""
"Arctic Lady",204,"G12","XD26","3/28/2024","8:33",57.4366666666667,-161.481033333333,28.8,"3/29/2024","15:34",31.0166666666667,NA,"238",""
"Arctic Lady",205,"G13","X301","3/28/2024","8:47",57.4033833333333,-161.48545,29.4,"3/29/2024","15:54",31.1166666666667,NA,"",""
"Arctic Lady",206,"G14","X930","3/28/2024","9:01",57.37045,-161.487083333333,30,"3/29/2024","16:15",31.2333333333333,NA,"",""
"Arctic Lady",207,"G15","XX12","3/28/2024","9:15",57.3370333333333,-161.488433333333,30.4,"3/29/2024","16:34",31.3166666666667,NA,"230",""
"Arctic Lady",208,"G16","X166","3/28/2024","9:29",57.3037333333333,-161.490233333333,30,"3/29/2024","16:54",31.4166666666667,NA,"Cory 1",""
"Arctic Lady",209,"G17","X260","3/28/2024","9:43",57.2702666666667,-161.492216666667,31.4,"3/29/2024","17:14",31.5166666666667,NA,"",""
"Arctic Lady",210,"G18","XA30","3/28/2024","9:57",57.2381166666667,-161.492933333333,31.7,"3/29/2024","17:33",31.6,NA,"",""
"Arctic Lady",211,"G19","X740","3/28/2024","10:11",57.2038666666667,-161.493666666667,32.4,"3/29/2024","17:54",31.7166666666667,NA,"242",""
"Arctic Lady",212,"G20","XX60","3/28/2024","10:25",57.1714333333333,-161.496133333333,33.3,"3/29/2024","18:15",31.8333333333333,NA,"",""
"Arctic Lady",213,"G21","XA09","3/28/2024","10:39",57.1376666666667,-161.498183333333,33.8,"3/29/2024","18:36",31.95,NA,"",""
"Arctic Lady",214,"G22","X400","3/28/2024","10:53",57.1051666666667,-161.4997,34.5,"3/29/2024","19:06",32.2166666666667,NA,"",""
"Arctic Lady",216,"G34","X740","3/30/2024","6:06",56.7053666666667,-161.522233333333,47.5,"3/31/2024","14:47",32.6833333333333,NA,"242",""
"Arctic Lady",217,"G33","XA30","3/30/2024","6:20",56.7380333333333,-161.520166666667,43.7,"3/31/2024","15:07",32.7833333333333,NA,"",""
"Arctic Lady",218,"G32","XX60","3/30/2024","6:36",56.7721666666667,-161.5205,39,"3/31/2024","15:27",32.85,NA,"",""
"Arctic Lady",219,"G31","X260","3/30/2024","6:50",56.8046833333333,-161.516733333333,41,"3/31/2024","15:47",32.95,NA,"",""
"Arctic Lady",220,"G30","X166","3/30/2024","7:05",56.83755,-161.515483333333,42.7,"3/31/2024","16:06",33.0166666666667,NA,"Cory 1",""
"Arctic Lady",221,"G29","XX12","3/30/2024","7:20",56.8722,-161.514083333333,44.7,"3/31/2024","16:27",33.1166666666667,NA,"230",""
"Arctic Lady",222,"G28","X930","3/30/2024","7:34",56.9037666666667,-161.511766666667,41.5,"3/31/2024","16:46",33.2,NA,"",""
"Arctic Lady",223,"G27","X301","3/30/2024","7:49",56.93715,-161.510066666667,41.5,"3/31/2024","17:07",33.3,NA,"",""
"Arctic Lady",224,"G26","XD26","3/30/2024","8:04",56.97075,-161.509083333333,38.4,"3/31/2024","17:28",33.4,NA,"248",""
"Arctic Lady",225,"G25","XD12","3/30/2024","8:19",57.0038333333333,-161.508433333333,37.2,"3/31/2024","17:50",33.5166666666667,NA,"Cory 2",""
"Arctic Lady",226,"G24","XD16","3/30/2024","8:33",57.0365666666667,-161.505016666667,36.5,"3/31/2024","18:12",33.65,NA,"",""
"Arctic Lady",227,"G23","X159","3/30/2024","8:48",57.06965,-161.503366666667,35.7,"3/31/2024","18:35",33.7833333333333,NA,"241",""
"Arctic Lady",228,"BAIT11","XX76","3/30/2024","9:06",57.0503166666667,-161.565916666667,34.9,"3/31/2024","19:02",33.9333333333333,NA,"","Hanging Bait"
"Arctic Lady",229,"BAIT12","X322","3/30/2024","9:09",57.0546333333333,-161.567833333333,35.1,"3/31/2024","19:13",34.0666666666667,NA,"","Bait Bag"
"Arctic Lady",230,"BAIT13","Xx  072","3/30/2024","9:11",57.0589,-161.56815,34.7,"3/31/2024","19:20",34.15,NA,"254","Hanging Bait"
"Arctic Lady",231,"BAIT14","X724","3/30/2024","9:13",57.0634833333333,-161.56815,34.9,"3/31/2024","19:30",34.2833333333333,NA,"","Bait Bag"
"Arctic Lady",232,"BAIT15","XX15","3/30/2024","9:15",57.0676666666667,-161.568483333333,35,"3/31/2024","19:39",34.4,NA,"247","Hanging Bait"
"Arctic Lady",233,"BAIT16","X686","3/30/2024","9:17",57.0718666666667,-161.5686,35,"3/31/2024","19:48",34.5166666666667,NA,"","Bait Bag"
"Arctic Lady",234,"BAIT17","XA18","3/30/2024","9:19",57.07615,-161.5686,35.2,"3/31/2024","19:57",34.6333333333333,NA,"Cory 3","Hanging Bait"
"Arctic Lady",235,"BAIT18","X631","3/30/2024","9:21",57.0802,-161.568633333333,34.9,"3/31/2024","20:08",34.7833333333333,NA,"","Bait Bag"
"Arctic Lady",236,"BAIT19","X658","3/30/2024","9:23",57.08455,-161.568583333333,34.9,"3/31/2024","20:14",34.85,NA,"","Hanging Bait"
"Arctic Lady",237,"BAIT20","XX86","3/30/2024","9:25",57.0889666666667,-161.568533333333,35,"3/31/2024","20:26",35.0166666666667,NA,"","Bait Bag"
"Arctic Lady",238,"COFFIN2","XRES","3/30/2024","9:26",57.0931333333333,-161.5685,35,"3/31/2024","20:36",35.1666666666667,NA,"","Bait Bag, coffin pot"
"Arctic Lady",239,"F01","X913","3/31/2024","5:59",57.80815,-161.931316666667,26,"4/2/2024","12:14",54.25,NA,"Cory 6",""
"Arctic Lady",240,"F02","XA49","3/31/2024","6:14",57.7749833333333,-161.92955,26.1,"4/2/2024","12:32",54.3,NA,"248",""
"Arctic Lady",241,"F03","XA03","3/31/2024","6:29",57.7416,-161.9306,24.9,"4/2/2024","12:46",54.2833333333333,NA,"",""
"Arctic Lady",242,"F04","X919","3/31/2024","6:44",57.7095333333333,-161.9331,25.6,"4/2/2024","13:09",54.4166666666667,NA,"",""
"Arctic Lady",243,"F05","XY18","3/31/2024","6:58",57.6751833333333,-161.934583333333,26.2,"4/2/2024","13:26",54.4666666666667,NA,"",""
"Arctic Lady",244,"F06","X162","3/31/2024","7:13",57.6417666666667,-161.935466666667,25.5,"4/2/2024","13:43",54.5,NA,"",""
"Arctic Lady",245,"F07","Xx  040","3/31/2024","7:27",57.6096833333333,-161.937533333333,26.5,"4/2/2024","14:00",54.55,NA,"228",""
"Arctic Lady",246,"F08","X900","3/31/2024","7:42",57.5762666666667,-161.940516666667,27.9,"4/2/2024","14:18",54.6,NA,"",""
"Arctic Lady",247,"F09","XA45","3/31/2024","7:56",57.5428833333333,-161.942233333333,26.9,"4/2/2024","14:26",54.5,NA,"Cory 5",""
"Arctic Lady",248,"F10","X103","3/31/2024","8:11",57.5094,-161.9419,24.4,"4/2/2024","14:54",54.7166666666667,NA,"",""
"Arctic Lady",249,"F11","XA31","3/31/2024","8:26",57.4763666666667,-161.942933333333,27.9,"4/2/2024","15:12",54.7666666666667,NA,"",""
"Arctic Lady",250,"F12","XX62","3/31/2024","8:40",57.4433333333333,-161.94625,28,"4/2/2024","15:30",54.8333333333333,NA,"",""
"Arctic Lady",251,"F13","X875","3/31/2024","8:53",57.4100333333333,-161.94765,27.2,"4/2/2024","15:48",54.9166666666667,NA,"245",""
"Arctic Lady",252,"F14","X165","3/31/2024","9:09",57.37685,-161.94935,25.8,"4/2/2024","16:06",54.95,NA,"Cory 4",""
"Arctic Lady",253,"F15","X623","3/31/2024","9:23",57.3438,-161.950966666667,26,"4/2/2024","16:24",55.0166666666667,NA,"",""
"Arctic Lady",254,"F16","Xx  010","3/31/2024","9:37",57.31025,-161.95345,25.9,"4/2/2024","16:44",55.1166666666667,NA,"255",""
"Arctic Lady",255,"F17","XX49","3/31/2024","9:52",57.2774333333333,-161.953833333333,27.3,"4/2/2024","17:03",55.1833333333333,NA,"",""
"Arctic Lady",256,"F18","X214","3/31/2024","10:06",57.2438166666667,-161.95265,27.7,"4/2/2024","17:23",55.2833333333333,NA,"",""
"Arctic Lady",257,"F19","X425","3/31/2024","10:20",57.2110666666667,-161.957083333333,27.7,"4/2/2024","17:44",55.4,NA,"240",""
"Arctic Lady",258,"F20","XA54","3/31/2024","10:35",57.1775833333333,-161.957033333333,28.2,"4/2/2024","18:06",55.5166666666667,NA,"",""
"Arctic Lady",259,"E20","XX86","4/2/2024","5:54",57.1813666666667,-162.417766666667,29,"4/3/2024","11:54",30,NA,"",""
"Arctic Lady",260,"E19","X658","4/2/2024","6:08",57.2142333333333,-162.415083333333,28.5,"4/3/2024","12:12",30.0666666666667,NA,"",""
"Arctic Lady",261,"E18","X631","4/2/2024","6:21",57.2470666666667,-162.415483333333,28.5,"4/3/2024","12:28",30.1166666666667,NA,"",""
"Arctic Lady",262,"E17","XA18","4/2/2024","6:34",57.2805333333333,-162.414233333333,28.2,"4/3/2024","12:46",30.2,NA,"Cory 3",""
"Arctic Lady",263,"E16","X686","4/2/2024","6:47",57.3135333333333,-162.412766666667,28,"4/3/2024","13:03",30.2666666666667,NA,"",""
"Arctic Lady",264,"E15","XX15","4/2/2024","7:01",57.3472,-162.412583333333,27.3,"4/3/2024","13:22",30.35,NA,"247","Temp logger encased in ice"
"Arctic Lady",265,"E14","X724","4/2/2024","7:14",57.3801,-162.41205,27.2,"4/3/2024","13:39",30.4166666666667,NA,"",""
"Arctic Lady",266,"E13","Xx  072","4/2/2024","7:27",57.4131666666667,-162.410033333333,26.6,"4/3/2024","13:56",30.4833333333333,NA,"254",""
"Arctic Lady",267,"E12","X322","4/2/2024","7:40",57.4464166666667,-162.409916666667,26.4,"4/3/2024","14:13",30.55,NA,"",""
"Arctic Lady",268,"E11","XX76","4/2/2024","7:54",57.4796333333333,-162.409633333333,26.6,"4/3/2024","14:30",30.6,NA,"",""
"Arctic Lady",269,"E10","X159","4/2/2024","8:07",57.5128833333333,-162.40665,25.6,"4/3/2024","14:47",30.6666666666667,NA,"241",""
"Arctic Lady",270,"E09","XD16","4/2/2024","8:20",57.5455,-162.405616666667,24.6,"4/3/2024","15:04",30.7333333333333,NA,"",""
"Arctic Lady",271,"E08","XD12","4/2/2024","8:33",57.5788833333333,-162.4041,24.4,"4/3/2024","15:21",30.8,NA,"Cory 2",""
"Arctic Lady",272,"E07","XD26","4/2/2024","8:46",57.61165,-162.403583333333,25.6,"4/3/2024","15:39",30.8833333333333,NA,"238",""
"Arctic Lady",273,"E06","X301","4/2/2024","8:59",57.6447666666667,-162.403483333333,24.7,"4/3/2024","15:56",30.95,NA,"",""
"Arctic Lady",274,"E05","X930","4/2/2024","9:13",57.6783666666667,-162.4043,24.3,"4/3/2024","16:14",31.0166666666667,NA,"",""
"Arctic Lady",275,"E04","XX12","4/2/2024","9:26",57.71175,-162.40265,22.3,"4/3/2024","16:31",31.0833333333333,NA,"230",""
"Arctic Lady",276,"E03","X166","4/2/2024","9:39",57.7441,-162.40005,23.8,"4/3/2024","16:48",31.15,NA,"Cory 1",""
"Arctic Lady",277,"E02","X260","4/2/2024","9:52",57.7778666666667,-162.397716666667,24.3,"4/3/2024","17:06",31.2333333333333,NA,"",""
"Arctic Lady",278,"E01","XX60","4/2/2024","10:05",57.8107166666667,-162.3973,23.6,"4/3/2024","17:25",31.3333333333333,NA,"",""
"Arctic Lady",279,"BAIT21","XA54","4/3/2024","6:11",56.7137166666667,-162.3733,38.2,"4/4/2024","17:01",34.8333333333333,NA,"","Black flea bag"
"Arctic Lady",280,"BAIT22","X425","4/3/2024","6:14",56.7183,-162.372333333333,39,"4/4/2024","16:56",34.7,NA,"240","Orange cod bag"
"Arctic Lady",281,"BAIT23","X214","4/3/2024","6:16",56.7226666666667,-162.371916666667,39.7,"4/4/2024","16:51",34.5833333333333,NA,"","Black flea bag"
"Arctic Lady",282,"BAIT24","XX49","4/3/2024","6:18",56.7272,-162.371616666667,39.4,"4/4/2024","16:45",34.45,NA,"","Orange cod bag"
"Arctic Lady",283,"BAIT25","Xx  010","4/3/2024","6:20",56.7319666666667,-162.3714,39.1,"4/4/2024","16:40",34.3333333333333,NA,"255","Black flea bag"
"Arctic Lady",284,"BAIT26","X823","4/3/2024","6:23",56.7361666666667,-162.371183333333,38.6,"4/4/2024","16:36",34.2166666666667,NA,"","Orange cod bag"
"Arctic Lady",285,"BAIT27","X165","4/3/2024","6:25",56.7401833333333,-162.371,38.5,"4/4/2024","16:31",34.1,NA,"Cory 4","Black flea bag"
"Arctic Lady",286,"BAIT28","X875","4/3/2024","6:27",56.74455,-162.370866666667,38.6,"4/4/2024","16:25",33.9666666666667,NA,"245","Orange cod bag"
"Arctic Lady",287,"BAIT29","XX62","4/3/2024","6:28",56.7488,-162.370716666667,38.4,"4/4/2024","16:20",33.8666666666667,NA,"","Black flea bag"
"Arctic Lady",288,"BAIT30","XA31","4/3/2024","6:30",56.7524666666667,-162.370583333333,39,"4/4/2024","16:15",33.75,NA,"","Orange cod bag"
"Arctic Lady",289,"BAIT31","X103","4/3/2024","6:32",56.7567166666667,-162.370366666667,38.5,"4/4/2024","16:11",33.65,NA,"","Black flea bag"
"Arctic Lady",290,"BAIT32","XA45","4/3/2024","6:34",56.7608166666667,-162.370266666667,38.7,"4/4/2024","16:05",33.5166666666667,NA,"Cory 5","Orange cod bag"
"Arctic Lady",291,"BAIT33","X900","4/3/2024","6:36",56.7650833333333,-162.370266666667,39.1,"4/4/2024","16:00",33.4,NA,"","Black flea bag"
"Arctic Lady",292,"BAIT34","Xx  040","4/3/2024","6:38",56.7696,-162.370083333333,39.2,"4/4/2024","15:54",33.2666666666667,NA,"228","Orange cod bag"
"Arctic Lady",293,"BAIT35","X162","4/3/2024","6:40",56.7738833333333,-162.369933333333,38.9,"4/4/2024","15:49",33.15,NA,"","Black flea bag"
"Arctic Lady",294,"BAIT36","XY18","4/3/2024","6:42",56.7779666666667,-162.369783333333,38.2,"4/4/2024","15:44",33.0333333333333,NA,"","Orange cod bag"
"Arctic Lady",295,"BAIT37","X919","4/3/2024","6:44",56.78195,-162.369616666667,37.8,"4/4/2024","15:37",32.8833333333333,NA,"","Black flea bag"
"Arctic Lady",296,"BAIT38","XA03","4/3/2024","6:46",56.78575,-162.3695,37.5,"4/4/2024","15:30",32.7333333333333,NA,"","Orange cod bag"
"Arctic Lady",297,"BAIT39","XA49","4/3/2024","6:48",56.7907833333333,-162.369333333333,37.6,"4/4/2024","15:23",32.5833333333333,NA,"248","Black flea bag"
"Arctic Lady",298,"BAIT40","X913","4/3/2024","6:50",56.7942666666667,-162.3693,37.6,"4/4/2024","15:16",32.4333333333333,NA,"Cory 6","Orange cod bag"
"Arctic Lady",299,"BAIT41","XA30","4/3/2024","6:51",56.7985,-162.369366666667,37.3,"4/4/2024","15:08",32.2833333333333,NA,"","Black flea bag"
"Arctic Lady",300,"BAIT42","X740","4/3/2024","6:53",56.8026333333333,-162.369366666667,37.1,"4/4/2024","15:02",32.15,NA,"242","Orange cod bag"
"Arctic Lady",301,"BAIT43","XX43","4/3/2024","6:55",56.8065,-162.36935,36.8,"4/4/2024","14:54",31.9833333333333,NA,"","Black flea bag"
"Arctic Lady",302,"BAIT44","XX66","4/3/2024","6:57",56.81045,-162.36925,36.2,"4/4/2024","14:47",31.8333333333333,NA,"","Orange cod bag"
"Arctic Lady",303,"BAIT45","X809","4/3/2024","7:00",56.8142,-162.369116666667,36,"4/4/2024","14:40",31.6666666666667,NA,"","Black flea bag"
"Arctic Lady",304,"BAIT46","XOZARK","4/3/2024","7:02",56.8182833333333,-162.368983333333,35.3,"4/4/2024","14:33",31.5166666666667,NA,"","Orange cod bag"
"Arctic Lady",305,"BAIT47","Xx  074","4/3/2024","7:04",56.8220166666667,-162.368933333333,35.2,"4/4/2024","14:25",31.35,NA,"","Black flea bag"
"Arctic Lady",306,"BAIT48","XX42","4/3/2024","7:06",56.8258166666667,-162.36895,35,"4/4/2024","14:17",31.1833333333333,NA,"","Orange cod bag"
"Arctic Lady",307,"BAIT49","X856","4/3/2024","7:08",56.8298833333333,-162.36885,35.5,"4/4/2024","14:11",31.05,NA,"","Black flea bag"
"Arctic Lady",308,"BAIT50","XD15","4/3/2024","7:10",56.8338666666667,-162.36885,35.6,"4/4/2024","14:06",30.9333333333333,"","","Orange cod bag; GC 44  - biotwine blew out"
"Arctic Lady",309,"COFFIN3","XRES","4/3/2024","7:12",56.83765,-162.368716666667,35.8,"4/4/2024","14:00",30.8,NA,"","coffin pot: Black flea bag + cod in bottom"
"Arctic Lady",310,"D01","XX60","4/4/2024","5:55",57.8160666666667,-162.86475,23.3,"4/5/2024","10:57",29.0333333333333,NA,"",""
"Arctic Lady",311,"D02","X260","4/4/2024","6:12",57.7822833333333,-162.863783333333,24,"4/5/2024","11:11",28.9833333333333,NA,"",""
"Arctic Lady",312,"D03","X166","4/4/2024","6:27",57.7491166666667,-162.8635,24.9,"4/5/2024","11:28",29.0166666666667,NA,"Cory 1",""
"Arctic Lady",313,"D04","XX12","4/4/2024","6:43",57.7159,-162.8649,22.8,"4/5/2024","11:48",29.0833333333333,NA,"230","Buoy set up changed-out day prior"
"Arctic Lady",314,"D05","X930","4/4/2024","6:58",57.68355,-162.868366666667,23.3,"4/5/2024","12:01",29.05,NA,"",""
"Arctic Lady",315,"D06","X301","4/4/2024","7:13",57.6509333333333,-162.870666666667,29,"4/5/2024","12:21",29.1333333333333,NA,"",""
"Arctic Lady",316,"D07","XD26","4/4/2024","7:28",57.61695,-162.870016666667,26.7,"4/5/2024","12:37",29.15,NA,"238",""
"Arctic Lady",317,"D08","XD12","4/4/2024","7:44",57.5838666666667,-162.869683333333,25.7,"4/5/2024","12:55",29.1833333333333,NA,"Cory 2",""
"Arctic Lady",318,"D09","XD16","4/4/2024","7:59",57.54975,-162.868666666667,25.6,"4/5/2024","13:13",29.2333333333333,NA,"",""
"Arctic Lady",319,"D10","X159","4/4/2024","8:15",57.5167833333333,-162.870366666667,25.6,"4/5/2024","13:30",29.25,NA,"241",""
"Arctic Lady",320,"D11","XX76","4/4/2024","8:30",57.4840833333333,-162.87175,26,"4/5/2024","13:47",29.2833333333333,NA,"",""
"Arctic Lady",321,"D12","X400","4/4/2024","8:45",57.4511833333333,-162.8728,26.1,"4/5/2024","14:06",29.35,NA,"",""
"Arctic Lady",322,"D13","Xx  072","4/4/2024","9:00",57.4169666666667,-162.873516666667,26.7,"4/5/2024","14:24",29.4,NA,"254",""
"Arctic Lady",323,"D14","X724","4/4/2024","9:14",57.3845,-162.87265,26.8,"4/5/2024","14:41",29.45,NA,"",""
"Arctic Lady",324,"D15","XX15","4/4/2024","9:29",57.3505333333333,-162.874766666667,27.6,"4/5/2024","15:00",29.5166666666667,NA,"247",""
"Arctic Lady",325,"D16","X686","4/4/2024","9:44",57.3182,-162.873516666667,26.2,"4/5/2024","15:16",29.5333333333333,NA,"",""
"Arctic Lady",326,"D17","XA18","4/4/2024","9:58",57.2855833333333,-162.874366666667,26.2,"4/5/2024","15:33",29.5833333333333,NA,"Cory 3",""
"Arctic Lady",327,"D18","X631","4/4/2024","10:12",57.2526,-162.875566666667,27.1,"4/5/2024","15:50",29.6333333333333,NA,"",""
"Arctic Lady",328,"D19","X658","4/4/2024","10:28",57.2179666666667,-162.8765,28.3,"4/5/2024","16:08",29.6666666666667,NA,"",""
"Arctic Lady",329,"D20","XX86","4/4/2024","10:42",57.1864833333333,-162.87665,29,"4/5/2024","16:24",29.7,NA,"",""
