"HAUL_ID","CRUISE","VESSEL","HAUL","STATION","LAT_DD","LON_DD","SPECIES_CODE","SPECIES_NAME","WEIGHT","SAMPLING_FACTOR","CALC_WEIGHT"
4,202301,"Vesteraalen",1,"U8",56.610105,-160.846817,21371,"plain sculpin",1.62,1,1.62
4,202301,"Vesteraalen",1,"U8",56.610105,-160.846817,21740,"walleye pollock",2.15,1,2.15
4,202301,"Vesteraalen",1,"U8",56.610105,-160.846817,10210,"yellowfin sole",5.22,1,5.22
4,202301,"Vesteraalen",1,"U8",56.610105,-160.846817,21720,"Pacific cod",0.1,1,0.1
5,202301,"Vesteraalen",2,"U7",56.775968,-160.834822,10210,"yellowfin sole",293.03,1,293.03
5,202301,"Vesteraalen",2,"U7",56.775968,-160.834822,10261,"northern rock sole",238.65,1,238.65
5,202301,"Vesteraalen",2,"U7",56.775968,-160.834822,21740,"walleye pollock",44.94,1,44.94
5,202301,"Vesteraalen",2,"U7",56.775968,-160.834822,21370,"great sculpin",2.91,1,2.91
5,202301,"Vesteraalen",2,"U7",56.775968,-160.834822,21371,"plain sculpin",1.95,1,1.95
5,202301,"Vesteraalen",2,"U7",56.775968,-160.834822,10220,"starry flounder",22.71,1,22.71
5,202301,"Vesteraalen",2,"U7",56.775968,-160.834822,400,"skate unid.",16.66,1,16.66
5,202301,"Vesteraalen",2,"U7",56.775968,-160.834822,21720,"Pacific cod",8.9,1,8.9
5,202301,"Vesteraalen",2,"U7",56.775968,-160.834822,10130,"flathead sole",0.63,1,0.63
5,202301,"Vesteraalen",2,"U7",56.775968,-160.834822,10285,"Alaska plaice",0.33,1,0.33
5,202301,"Vesteraalen",2,"U7",56.775968,-160.834822,10110,"arrowtooth flounder",0.01,1,0.01
5,202301,"Vesteraalen",2,"U7",56.775968,-160.834822,10120,"Pacific halibut",2.39,1,2.39
6,202301,"Vesteraalen",3,"U6",56.941799,-160.822716,10210,"yellowfin sole",5.67,5.63414925373134,31.9456262686567
6,202301,"Vesteraalen",3,"U6",56.941799,-160.822716,21370,"great sculpin",10.21,1,10.21
6,202301,"Vesteraalen",3,"U6",56.941799,-160.822716,21371,"plain sculpin",14.89,1,14.89
6,202301,"Vesteraalen",3,"U6",56.941799,-160.822716,21720,"Pacific cod",1.33,1,1.33
6,202301,"Vesteraalen",3,"U6",56.941799,-160.822716,21740,"walleye pollock",3.91,1,3.91
6,202301,"Vesteraalen",3,"U6",56.941799,-160.822716,10261,"northern rock sole",76.81,5.63414925373134,432.759004179105
6,202301,"Vesteraalen",3,"U6",56.941799,-160.822716,10220,"starry flounder",1.27,5.63414925373134,7.15536955223881
6,202301,"Vesteraalen",3,"U6",56.941799,-160.822716,10120,"Pacific halibut",0.87,1,0.87
7,202301,"Vesteraalen",4,"U5",57.1076,-160.810499,21371,"plain sculpin",15.42,1,15.42
7,202301,"Vesteraalen",4,"U5",57.1076,-160.810499,21370,"great sculpin",5.41,1,5.41
7,202301,"Vesteraalen",4,"U5",57.1076,-160.810499,21720,"Pacific cod",0.18,1,0.18
7,202301,"Vesteraalen",4,"U5",57.1076,-160.810499,21740,"walleye pollock",0.87,1,0.87
7,202301,"Vesteraalen",4,"U5",57.1076,-160.810499,10210,"yellowfin sole",59.44,2.98226623675725,177.265905112851
7,202301,"Vesteraalen",4,"U5",57.1076,-160.810499,10261,"northern rock sole",25.78,2.98226623675725,76.882823583602
7,202301,"Vesteraalen",4,"U5",57.1076,-160.810499,10285,"Alaska plaice",0.59,2.98226623675725,1.75953707968678
7,202301,"Vesteraalen",4,"U5",57.1076,-160.810499,10220,"starry flounder",1.03,2.98226623675725,3.07173422385997
7,202301,"Vesteraalen",4,"U5",57.1076,-160.810499,10120,"Pacific halibut",0.49,1,0.49
8,202301,"Vesteraalen",5,"U4",57.273372,-160.798169,21371,"plain sculpin",32.22,1,32.22
8,202301,"Vesteraalen",5,"U4",57.273372,-160.798169,21370,"great sculpin",18.3,1,18.3
8,202301,"Vesteraalen",5,"U4",57.273372,-160.798169,10261,"northern rock sole",119.12,1,119.12
8,202301,"Vesteraalen",5,"U4",57.273372,-160.798169,10210,"yellowfin sole",41.03,1,41.03
8,202301,"Vesteraalen",5,"U4",57.273372,-160.798169,10285,"Alaska plaice",1.83,1,1.83
8,202301,"Vesteraalen",5,"U4",57.273372,-160.798169,10220,"starry flounder",7.14,1,7.14
8,202301,"Vesteraalen",5,"U4",57.273372,-160.798169,10120,"Pacific halibut",1.72,1,1.72
8,202301,"Vesteraalen",5,"U4",57.273372,-160.798169,21720,"Pacific cod",1.35,1,1.35
9,202301,"Vesteraalen",6,"U3",57.439115,-160.785724,21371,"plain sculpin",48.03,1,48.03
9,202301,"Vesteraalen",6,"U3",57.439115,-160.785724,10261,"northern rock sole",63.94,1,63.94
9,202301,"Vesteraalen",6,"U3",57.439115,-160.785724,10220,"starry flounder",18.13,1,18.13
9,202301,"Vesteraalen",6,"U3",57.439115,-160.785724,10120,"Pacific halibut",1.68,1,1.68
9,202301,"Vesteraalen",6,"U3",57.439115,-160.785724,10210,"yellowfin sole",12.02,1,12.02
9,202301,"Vesteraalen",6,"U3",57.439115,-160.785724,21370,"great sculpin",6.53,1,6.53
9,202301,"Vesteraalen",6,"U3",57.439115,-160.785724,10285,"Alaska plaice",0.86,1,0.86
9,202301,"Vesteraalen",6,"U3",57.439115,-160.785724,21740,"walleye pollock",2.61,1,2.61
1,202301,"Vesteraalen",7,"U2",57.60483,-160.773163,10261,"northern rock sole",36.47,1,36.47
1,202301,"Vesteraalen",7,"U2",57.60483,-160.773163,21370,"great sculpin",1.7,1,1.7
1,202301,"Vesteraalen",7,"U2",57.60483,-160.773163,10220,"starry flounder",6.13,1,6.13
1,202301,"Vesteraalen",7,"U2",57.60483,-160.773163,21720,"Pacific cod",1.05,1,1.05
1,202301,"Vesteraalen",7,"U2",57.60483,-160.773163,10120,"Pacific halibut",0.61,1,0.61
1,202301,"Vesteraalen",7,"U2",57.60483,-160.773163,10285,"Alaska plaice",0.59,1,0.59
1,202301,"Vesteraalen",7,"U2",57.60483,-160.773163,21371,"plain sculpin",18.87,1,18.87
1,202301,"Vesteraalen",7,"U2",57.60483,-160.773163,10210,"yellowfin sole",7.64,1,7.64
11,202301,"Vesteraalen",8,"V2",57.593853,-160.307739,21371,"plain sculpin",1.09,1,1.09
11,202301,"Vesteraalen",8,"V2",57.593853,-160.307739,10220,"starry flounder",4.18,1,4.18
11,202301,"Vesteraalen",8,"V2",57.593853,-160.307739,21370,"great sculpin",0.09,1,0.09
11,202301,"Vesteraalen",8,"V2",57.593853,-160.307739,10261,"northern rock sole",9.27,1,9.27
11,202301,"Vesteraalen",8,"V2",57.593853,-160.307739,10210,"yellowfin sole",1.36,1,1.36
11,202301,"Vesteraalen",8,"V2",57.593853,-160.307739,10120,"Pacific halibut",0.01,1,0.01
11,202301,"Vesteraalen",8,"V2",57.593853,-160.307739,21720,"Pacific cod",0.14,1,0.14
11,202301,"Vesteraalen",8,"V2",57.593853,-160.307739,21740,"walleye pollock",0.09,1,0.09
12,202301,"Vesteraalen",9,"V3",57.428187,-160.322461,21370,"great sculpin",0.33,1,0.33
12,202301,"Vesteraalen",9,"V3",57.428187,-160.322461,21371,"plain sculpin",8.13,1,8.13
12,202301,"Vesteraalen",9,"V3",57.428187,-160.322461,10261,"northern rock sole",6.34,1,6.34
12,202301,"Vesteraalen",9,"V3",57.428187,-160.322461,10210,"yellowfin sole",2.83,1,2.83
12,202301,"Vesteraalen",9,"V3",57.428187,-160.322461,10120,"Pacific halibut",0.37,1,0.37
12,202301,"Vesteraalen",9,"V3",57.428187,-160.322461,10220,"starry flounder",16.44,1,16.44
12,202301,"Vesteraalen",9,"V3",57.428187,-160.322461,21720,"Pacific cod",0.15,1,0.15
13,202301,"Vesteraalen",10,"V4",57.262493,-160.337046,10220,"starry flounder",36.61,1,36.61
13,202301,"Vesteraalen",10,"V4",57.262493,-160.337046,21371,"plain sculpin",17.28,1,17.28
13,202301,"Vesteraalen",10,"V4",57.262493,-160.337046,21370,"great sculpin",0.75,1,0.75
13,202301,"Vesteraalen",10,"V4",57.262493,-160.337046,10210,"yellowfin sole",10.1,1,10.1
13,202301,"Vesteraalen",10,"V4",57.262493,-160.337046,10261,"northern rock sole",40.89,1,40.89
13,202301,"Vesteraalen",10,"V4",57.262493,-160.337046,10120,"Pacific halibut",2.2,1,2.2
13,202301,"Vesteraalen",10,"V4",57.262493,-160.337046,10285,"Alaska plaice",0.12,1,0.12
13,202301,"Vesteraalen",10,"V4",57.262493,-160.337046,21720,"Pacific cod",0.1,1,0.1
14,202301,"Vesteraalen",11,"V5",57.096769,-160.351497,21370,"great sculpin",1.9,1,1.9
14,202301,"Vesteraalen",11,"V5",57.096769,-160.351497,21371,"plain sculpin",14.52,1,14.52
14,202301,"Vesteraalen",11,"V5",57.096769,-160.351497,10261,"northern rock sole",54.13,1,54.13
14,202301,"Vesteraalen",11,"V5",57.096769,-160.351497,471,"Alaska skate",8.21,1,8.21
14,202301,"Vesteraalen",11,"V5",57.096769,-160.351497,10130,"flathead sole",0.79,1,0.79
14,202301,"Vesteraalen",11,"V5",57.096769,-160.351497,10220,"starry flounder",14.02,1,14.02
14,202301,"Vesteraalen",11,"V5",57.096769,-160.351497,10210,"yellowfin sole",4.74,1,4.74
14,202301,"Vesteraalen",11,"V5",57.096769,-160.351497,10120,"Pacific halibut",2.01,1,2.01
14,202301,"Vesteraalen",11,"V5",57.096769,-160.351497,21720,"Pacific cod",0.08,1,0.08
15,202301,"Vesteraalen",12,"V6",56.931016,-160.365815,21370,"great sculpin",2.57,1,2.57
15,202301,"Vesteraalen",12,"V6",56.931016,-160.365815,21371,"plain sculpin",2.76,1,2.76
15,202301,"Vesteraalen",12,"V6",56.931016,-160.365815,10210,"yellowfin sole",0.98,1,0.98
15,202301,"Vesteraalen",12,"V6",56.931016,-160.365815,10261,"northern rock sole",74.41,1,74.41
15,202301,"Vesteraalen",12,"V6",56.931016,-160.365815,10220,"starry flounder",5.8,1,5.8
15,202301,"Vesteraalen",12,"V6",56.931016,-160.365815,21740,"walleye pollock",3.1,1,3.1
15,202301,"Vesteraalen",12,"V6",56.931016,-160.365815,10120,"Pacific halibut",1.35,1,1.35
15,202301,"Vesteraalen",12,"V6",56.931016,-160.365815,21720,"Pacific cod",0.11,1,0.11
16,202301,"Vesteraalen",13,"V7",56.765232,-160.380003,21371,"plain sculpin",0.82,1,0.82
16,202301,"Vesteraalen",13,"V7",56.765232,-160.380003,21370,"great sculpin",2.11,1,2.11
16,202301,"Vesteraalen",13,"V7",56.765232,-160.380003,10261,"northern rock sole",74.62,1,74.62
16,202301,"Vesteraalen",13,"V7",56.765232,-160.380003,10210,"yellowfin sole",1.37,1,1.37
16,202301,"Vesteraalen",13,"V7",56.765232,-160.380003,10220,"starry flounder",7.33,1,7.33
16,202301,"Vesteraalen",13,"V7",56.765232,-160.380003,10120,"Pacific halibut",0.26,1,0.26
16,202301,"Vesteraalen",13,"V7",56.765232,-160.380003,21720,"Pacific cod",0.02,1,0.02
17,202301,"Vesteraalen",14,"V8",56.599416,-160.394061,21371,"plain sculpin",4.96,1,4.96
17,202301,"Vesteraalen",14,"V8",56.599416,-160.394061,21370,"great sculpin",0.77,1,0.77
17,202301,"Vesteraalen",14,"V8",56.599416,-160.394061,10220,"starry flounder",5.87,1,5.87
17,202301,"Vesteraalen",14,"V8",56.599416,-160.394061,10210,"yellowfin sole",2.75,1,2.75
17,202301,"Vesteraalen",14,"V8",56.599416,-160.394061,10120,"Pacific halibut",0.63,1,0.63
17,202301,"Vesteraalen",14,"V8",56.599416,-160.394061,10261,"northern rock sole",25.34,1,25.34
2,202301,"Vesteraalen",15,"W8",56.587032,-159.941591,10220,"starry flounder",0.57,1,0.57
2,202301,"Vesteraalen",15,"W8",56.587032,-159.941591,10261,"northern rock sole",0.23,1,0.23
2,202301,"Vesteraalen",15,"W8",56.587032,-159.941591,21371,"plain sculpin",1.12,1,1.12
2,202301,"Vesteraalen",15,"W8",56.587032,-159.941591,10120,"Pacific halibut",0.1,1,0.1
2,202301,"Vesteraalen",15,"W8",56.587032,-159.941591,10210,"yellowfin sole",2.21,1,2.21
2,202301,"Vesteraalen",15,"W8",56.587032,-159.941591,21370,"great sculpin",0.1,1,0.1
2,202301,"Vesteraalen",15,"W8",56.587032,-159.941591,21720,"Pacific cod",0.14,1,0.14
3,202301,"Vesteraalen",16,"W7",56.752794,-159.925473,10261,"northern rock sole",27.45,1,27.45
3,202301,"Vesteraalen",16,"W7",56.752794,-159.925473,21371,"plain sculpin",3.77,1,3.77
3,202301,"Vesteraalen",16,"W7",56.752794,-159.925473,10210,"yellowfin sole",9.84,1,9.84
3,202301,"Vesteraalen",16,"W7",56.752794,-159.925473,10120,"Pacific halibut",2.64,1,2.64
3,202301,"Vesteraalen",16,"W7",56.752794,-159.925473,10220,"starry flounder",2.78,1,2.78
3,202301,"Vesteraalen",16,"W7",56.752794,-159.925473,21720,"Pacific cod",0.04,1,0.04
4,202301,"Vesteraalen",17,"W6",56.918523,-159.909208,21371,"plain sculpin",1.13,1,1.13
4,202301,"Vesteraalen",17,"W6",56.918523,-159.909208,21370,"great sculpin",1.35,1,1.35
4,202301,"Vesteraalen",17,"W6",56.918523,-159.909208,10261,"northern rock sole",56.06,1,56.06
4,202301,"Vesteraalen",17,"W6",56.918523,-159.909208,21740,"walleye pollock",1.68,1,1.68
4,202301,"Vesteraalen",17,"W6",56.918523,-159.909208,10210,"yellowfin sole",11.52,1,11.52
4,202301,"Vesteraalen",17,"W6",56.918523,-159.909208,10120,"Pacific halibut",1.12,1,1.12
4,202301,"Vesteraalen",17,"W6",56.918523,-159.909208,10220,"starry flounder",3.84,1,3.84
4,202301,"Vesteraalen",17,"W6",56.918523,-159.909208,10285,"Alaska plaice",0.29,1,0.29
4,202301,"Vesteraalen",17,"W6",56.918523,-159.909208,21720,"Pacific cod",0.09,1,0.09
5,202301,"Vesteraalen",18,"W5",57.084221,-159.892792,21371,"plain sculpin",16.04,1,16.04
5,202301,"Vesteraalen",18,"W5",57.084221,-159.892792,21370,"great sculpin",2.49,1,2.49
5,202301,"Vesteraalen",18,"W5",57.084221,-159.892792,10120,"Pacific halibut",1.56,1,1.56
5,202301,"Vesteraalen",18,"W5",57.084221,-159.892792,10220,"starry flounder",5.56,1,5.56
5,202301,"Vesteraalen",18,"W5",57.084221,-159.892792,10210,"yellowfin sole",5.68,1,5.68
5,202301,"Vesteraalen",18,"W5",57.084221,-159.892792,10261,"northern rock sole",54.56,1,54.56
5,202301,"Vesteraalen",18,"W5",57.084221,-159.892792,10285,"Alaska plaice",0.33,1,0.33
5,202301,"Vesteraalen",18,"W5",57.084221,-159.892792,21720,"Pacific cod",0.18,1,0.18
6,202301,"Vesteraalen",19,"W4",57.249888,-159.876225,21370,"great sculpin",0.12,1,0.12
6,202301,"Vesteraalen",19,"W4",57.249888,-159.876225,10261,"northern rock sole",4.38,1,4.38
6,202301,"Vesteraalen",19,"W4",57.249888,-159.876225,21371,"plain sculpin",3.57,1,3.57
6,202301,"Vesteraalen",19,"W4",57.249888,-159.876225,10210,"yellowfin sole",2.09,1,2.09
6,202301,"Vesteraalen",19,"W4",57.249888,-159.876225,10220,"starry flounder",1.46,1,1.46
6,202301,"Vesteraalen",19,"W4",57.249888,-159.876225,10120,"Pacific halibut",0.31,1,0.31
6,202301,"Vesteraalen",19,"W4",57.249888,-159.876225,21740,"walleye pollock",0.08,1,0.08
6,202301,"Vesteraalen",19,"W4",57.249888,-159.876225,21720,"Pacific cod",0.02,1,0.02
7,202301,"Vesteraalen",20,"W3",57.415526,-159.859503,21371,"plain sculpin",2.5,1,2.5
7,202301,"Vesteraalen",20,"W3",57.415526,-159.859503,21370,"great sculpin",0.08,1,0.08
7,202301,"Vesteraalen",20,"W3",57.415526,-159.859503,10120,"Pacific halibut",0.16,1,0.16
7,202301,"Vesteraalen",20,"W3",57.415526,-159.859503,10220,"starry flounder",3.49,1,3.49
7,202301,"Vesteraalen",20,"W3",57.415526,-159.859503,10261,"northern rock sole",3.83,1,3.83
7,202301,"Vesteraalen",20,"W3",57.415526,-159.859503,10210,"yellowfin sole",1.74,1,1.74
7,202301,"Vesteraalen",20,"W3",57.415526,-159.859503,21740,"walleye pollock",0.03,1,0.03
7,202301,"Vesteraalen",20,"W3",57.415526,-159.859503,21720,"Pacific cod",0.03,1,0.03
8,202301,"Vesteraalen",21,"W2",57.581135,-159.842626,10261,"northern rock sole",6.64,1,6.64
8,202301,"Vesteraalen",21,"W2",57.581135,-159.842626,10120,"Pacific halibut",0.06,1,0.06
8,202301,"Vesteraalen",21,"W2",57.581135,-159.842626,21720,"Pacific cod",0.01,1,0.01
8,202301,"Vesteraalen",21,"W2",57.581135,-159.842626,21371,"plain sculpin",0.46,1,0.46
8,202301,"Vesteraalen",21,"W2",57.581135,-159.842626,21370,"great sculpin",0.02,1,0.02
8,202301,"Vesteraalen",21,"W2",57.581135,-159.842626,21740,"walleye pollock",0.09,1,0.09
8,202301,"Vesteraalen",21,"W2",57.581135,-159.842626,10210,"yellowfin sole",1.17,1,1.17
9,202301,"Vesteraalen",22,"W1",57.746717,-159.82559,10210,"yellowfin sole",0.43,1,0.43
9,202301,"Vesteraalen",22,"W1",57.746717,-159.82559,10220,"starry flounder",0.17,1,0.17
9,202301,"Vesteraalen",22,"W1",57.746717,-159.82559,21740,"walleye pollock",0.28,1,0.28
9,202301,"Vesteraalen",22,"W1",57.746717,-159.82559,21371,"plain sculpin",2.54,1,2.54
9,202301,"Vesteraalen",22,"W1",57.746717,-159.82559,21720,"Pacific cod",0.06,1,0.06
9,202301,"Vesteraalen",22,"W1",57.746717,-159.82559,10261,"northern rock sole",4.7,1,4.7
10,202301,"Vesteraalen",23,"V1",57.759493,-160.292879,21371,"plain sculpin",3.29,1,3.29
10,202301,"Vesteraalen",23,"V1",57.759493,-160.292879,10261,"northern rock sole",6.59,1,6.59
10,202301,"Vesteraalen",23,"V1",57.759493,-160.292879,10210,"yellowfin sole",0.34,1,0.34
10,202301,"Vesteraalen",23,"V1",57.759493,-160.292879,21370,"great sculpin",0.66,1,0.66
10,202301,"Vesteraalen",23,"V1",57.759493,-160.292879,10120,"Pacific halibut",0.03,1,0.03
10,202301,"Vesteraalen",23,"V1",57.759493,-160.292879,10220,"starry flounder",3.14,1,3.14
10,202301,"Vesteraalen",23,"V1",57.759493,-160.292879,21720,"Pacific cod",0.1,1,0.1
10,202301,"Vesteraalen",23,"V1",57.759493,-160.292879,21740,"walleye pollock",0.07,1,0.07
11,202301,"Vesteraalen",24,"U1",57.77052,-160.760484,10261,"northern rock sole",29.16,1,29.16
11,202301,"Vesteraalen",24,"U1",57.77052,-160.760484,21371,"plain sculpin",1.35,1,1.35
11,202301,"Vesteraalen",24,"U1",57.77052,-160.760484,10220,"starry flounder",1.36,1,1.36
11,202301,"Vesteraalen",24,"U1",57.77052,-160.760484,10210,"yellowfin sole",0.44,1,0.44
11,202301,"Vesteraalen",24,"U1",57.77052,-160.760484,21720,"Pacific cod",0.07,1,0.07
11,202301,"Vesteraalen",24,"U1",57.77052,-160.760484,21370,"great sculpin",0.21,1,0.21
11,202301,"Vesteraalen",24,"U1",57.77052,-160.760484,21740,"walleye pollock",0.03,1,0.03
11,202301,"Vesteraalen",24,"U1",57.77052,-160.760484,10120,"Pacific halibut",0.06,1,0.06
12,202301,"Vesteraalen",25,"T1",57.779796,-161.228357,21371,"plain sculpin",4.16,1,4.16
12,202301,"Vesteraalen",25,"T1",57.779796,-161.228357,10261,"northern rock sole",13.96,1,13.96
12,202301,"Vesteraalen",25,"T1",57.779796,-161.228357,10220,"starry flounder",2.38,1,2.38
12,202301,"Vesteraalen",25,"T1",57.779796,-161.228357,10210,"yellowfin sole",1.62,1,1.62
12,202301,"Vesteraalen",25,"T1",57.779796,-161.228357,21720,"Pacific cod",0.01,1,0.01
12,202301,"Vesteraalen",25,"T1",57.779796,-161.228357,21740,"walleye pollock",0.02,1,0.02
13,202301,"Vesteraalen",26,"T2",57.614065,-161.238852,21371,"plain sculpin",7.09,1,7.09
13,202301,"Vesteraalen",26,"T2",57.614065,-161.238852,21370,"great sculpin",0.18,1,0.18
13,202301,"Vesteraalen",26,"T2",57.614065,-161.238852,21720,"Pacific cod",0.13,1,0.13
13,202301,"Vesteraalen",26,"T2",57.614065,-161.238852,10120,"Pacific halibut",0.18,1,0.18
13,202301,"Vesteraalen",26,"T2",57.614065,-161.238852,10210,"yellowfin sole",2.62,1,2.62
13,202301,"Vesteraalen",26,"T2",57.614065,-161.238852,10261,"northern rock sole",26.86,1,26.86
13,202301,"Vesteraalen",26,"T2",57.614065,-161.238852,10285,"Alaska plaice",1.28,1,1.28
13,202301,"Vesteraalen",26,"T2",57.614065,-161.238852,10220,"starry flounder",8.46,1,8.46
13,202301,"Vesteraalen",26,"T2",57.614065,-161.238852,21740,"walleye pollock",0.01,1,0.01
14,202301,"Vesteraalen",27,"U9",56.444209,-160.858704,21720,"Pacific cod",0.18,1,0.18
14,202301,"Vesteraalen",27,"U9",56.444209,-160.858704,10261,"northern rock sole",14.25,1,14.25
14,202301,"Vesteraalen",27,"U9",56.444209,-160.858704,10210,"yellowfin sole",4.56,1,4.56
14,202301,"Vesteraalen",27,"U9",56.444209,-160.858704,10220,"starry flounder",6.86,1,6.86
14,202301,"Vesteraalen",27,"U9",56.444209,-160.858704,10120,"Pacific halibut",0.86,1,0.86
14,202301,"Vesteraalen",27,"U9",56.444209,-160.858704,21740,"walleye pollock",0.17,1,0.17
15,202301,"Vesteraalen",28,"V9",56.433566,-160.407993,10261,"northern rock sole",4.37,1,4.37
15,202301,"Vesteraalen",28,"V9",56.433566,-160.407993,21371,"plain sculpin",0.92,1,0.92
15,202301,"Vesteraalen",28,"V9",56.433566,-160.407993,21370,"great sculpin",0.04,1,0.04
15,202301,"Vesteraalen",28,"V9",56.433566,-160.407993,10120,"Pacific halibut",0.21,1,0.21
15,202301,"Vesteraalen",28,"V9",56.433566,-160.407993,10210,"yellowfin sole",0.46,1,0.46
15,202301,"Vesteraalen",28,"V9",56.433566,-160.407993,21720,"Pacific cod",0.27,1,0.27
15,202301,"Vesteraalen",28,"V9",56.433566,-160.407993,21740,"walleye pollock",0.12,1,0.12
15,202301,"Vesteraalen",28,"V9",56.433566,-160.407993,10211,"longhead dab",0.11,1,0.11
16,202301,"Vesteraalen",29,"U10",56.278279,-160.870484,21371,"plain sculpin",2.34,1,2.34
16,202301,"Vesteraalen",29,"U10",56.278279,-160.870484,21720,"Pacific cod",0.02,1,0.02
16,202301,"Vesteraalen",29,"U10",56.278279,-160.870484,10261,"northern rock sole",0.38,1,0.38
16,202301,"Vesteraalen",29,"U10",56.278279,-160.870484,10210,"yellowfin sole",0.5,1,0.5
16,202301,"Vesteraalen",29,"U10",56.278279,-160.870484,21740,"walleye pollock",0.08,1,0.08
17,202301,"Vesteraalen",30,"U11",56.112315,-160.882158,21371,"plain sculpin",0.14,1,0.14
17,202301,"Vesteraalen",30,"U11",56.112315,-160.882158,10261,"northern rock sole",0.14,1,0.14
17,202301,"Vesteraalen",30,"U11",56.112315,-160.882158,21720,"Pacific cod",0.08,1,0.08
17,202301,"Vesteraalen",30,"U11",56.112315,-160.882158,10210,"yellowfin sole",0.36,1,0.36
17,202301,"Vesteraalen",30,"U11",56.112315,-160.882158,10285,"Alaska plaice",0.07,1,0.07
17,202301,"Vesteraalen",30,"U11",56.112315,-160.882158,21740,"walleye pollock",0.1,1,0.1
17,202301,"Vesteraalen",30,"U11",56.112315,-160.882158,10220,"starry flounder",0.51,1,0.51
18,202301,"Vesteraalen",31,"T11",56.121192,-161.329069,21371,"plain sculpin",1.83,1,1.83
18,202301,"Vesteraalen",31,"T11",56.121192,-161.329069,21720,"Pacific cod",0.01,1,0.01
18,202301,"Vesteraalen",31,"T11",56.121192,-161.329069,10261,"northern rock sole",33.43,1,33.43
18,202301,"Vesteraalen",31,"T11",56.121192,-161.329069,10120,"Pacific halibut",0.16,1,0.16
18,202301,"Vesteraalen",31,"T11",56.121192,-161.329069,10210,"yellowfin sole",0.85,1,0.85
19,202301,"Vesteraalen",32,"T10",56.287194,-161.319406,21371,"plain sculpin",3.61,1,3.61
19,202301,"Vesteraalen",32,"T10",56.287194,-161.319406,21370,"great sculpin",0.91,1,0.91
19,202301,"Vesteraalen",32,"T10",56.287194,-161.319406,10261,"northern rock sole",31.51,1,31.51
19,202301,"Vesteraalen",32,"T10",56.287194,-161.319406,21720,"Pacific cod",6.6,1,6.6
19,202301,"Vesteraalen",32,"T10",56.287194,-161.319406,21740,"walleye pollock",3.06,1,3.06
19,202301,"Vesteraalen",32,"T10",56.287194,-161.319406,10210,"yellowfin sole",3.61,1,3.61
19,202301,"Vesteraalen",32,"T10",56.287194,-161.319406,10120,"Pacific halibut",0.77,1,0.77
19,202301,"Vesteraalen",32,"T10",56.287194,-161.319406,10220,"starry flounder",7.26,1,7.26
20,202301,"Vesteraalen",33,"T9",56.453162,-161.309656,10261,"northern rock sole",199.08,1,199.08
20,202301,"Vesteraalen",33,"T9",56.453162,-161.309656,21370,"great sculpin",2.51,1,2.51
20,202301,"Vesteraalen",33,"T9",56.453162,-161.309656,21371,"plain sculpin",1.33,1,1.33
20,202301,"Vesteraalen",33,"T9",56.453162,-161.309656,21740,"walleye pollock",13.75,1,13.75
20,202301,"Vesteraalen",33,"T9",56.453162,-161.309656,10210,"yellowfin sole",10.5,1,10.5
20,202301,"Vesteraalen",33,"T9",56.453162,-161.309656,10220,"starry flounder",5.35,1,5.35
20,202301,"Vesteraalen",33,"T9",56.453162,-161.309656,10285,"Alaska plaice",1.77,1,1.77
20,202301,"Vesteraalen",33,"T9",56.453162,-161.309656,10120,"Pacific halibut",0.84,1,0.84
20,202301,"Vesteraalen",33,"T9",56.453162,-161.309656,21720,"Pacific cod",0.86,1,0.86
21,202301,"Vesteraalen",34,"T8",56.619097,-161.299817,21740,"walleye pollock",62.87,1,62.87
21,202301,"Vesteraalen",34,"T8",56.619097,-161.299817,400,"skate unid.",18.5,1,18.5
21,202301,"Vesteraalen",34,"T8",56.619097,-161.299817,21371,"plain sculpin",2.62,1,2.62
21,202301,"Vesteraalen",34,"T8",56.619097,-161.299817,21370,"great sculpin",3.6,1,3.6
21,202301,"Vesteraalen",34,"T8",56.619097,-161.299817,21720,"Pacific cod",3.29,1,3.29
21,202301,"Vesteraalen",34,"T8",56.619097,-161.299817,10210,"yellowfin sole",30.27,6.14404190309908,185.980148406809
21,202301,"Vesteraalen",34,"T8",56.619097,-161.299817,10285,"Alaska plaice",1.66,6.14404190309908,10.1991095591445
21,202301,"Vesteraalen",34,"T8",56.619097,-161.299817,10220,"starry flounder",5.27,6.14404190309908,32.3791008293322
21,202301,"Vesteraalen",34,"T8",56.619097,-161.299817,10261,"northern rock sole",31.53,6.14404190309908,193.721641204714
22,202301,"Vesteraalen",35,"T7",56.784999,-161.289889,10220,"starry flounder",17.49,1,17.49
22,202301,"Vesteraalen",35,"T7",56.784999,-161.289889,21371,"plain sculpin",2.31,1,2.31
22,202301,"Vesteraalen",35,"T7",56.784999,-161.289889,21370,"great sculpin",16.25,1,16.25
22,202301,"Vesteraalen",35,"T7",56.784999,-161.289889,10261,"northern rock sole",202.6,1,202.6
22,202301,"Vesteraalen",35,"T7",56.784999,-161.289889,10210,"yellowfin sole",55.36,1,55.36
22,202301,"Vesteraalen",35,"T7",56.784999,-161.289889,21740,"walleye pollock",41.76,1,41.76
22,202301,"Vesteraalen",35,"T7",56.784999,-161.289889,21720,"Pacific cod",4.12,1,4.12
22,202301,"Vesteraalen",35,"T7",56.784999,-161.289889,10285,"Alaska plaice",3.96,1,3.96
22,202301,"Vesteraalen",35,"T7",56.784999,-161.289889,10120,"Pacific halibut",0.61,1,0.61
22,202301,"Vesteraalen",35,"T7",56.784999,-161.289889,400,"skate unid.",6.74,1,6.74
23,202301,"Vesteraalen",36,"T6",56.95087,-161.279869,21371,"plain sculpin",43.36,1,43.36
23,202301,"Vesteraalen",36,"T6",56.95087,-161.279869,21720,"Pacific cod",2.25,1,2.25
23,202301,"Vesteraalen",36,"T6",56.95087,-161.279869,21740,"walleye pollock",24.82,1,24.82
23,202301,"Vesteraalen",36,"T6",56.95087,-161.279869,10120,"Pacific halibut",0.43,1,0.43
23,202301,"Vesteraalen",36,"T6",56.95087,-161.279869,10210,"yellowfin sole",39.46,19.4096276112625,765.903905540418
23,202301,"Vesteraalen",36,"T6",56.95087,-161.279869,10261,"northern rock sole",25.76,19.4096276112625,499.992007266122
23,202301,"Vesteraalen",36,"T6",56.95087,-161.279869,10130,"flathead sole",0.84,19.4096276112625,16.3040871934605
24,202301,"Vesteraalen",37,"T5",57.116712,-161.269757,21371,"plain sculpin",53.27,1,53.27
24,202301,"Vesteraalen",37,"T5",57.116712,-161.269757,21740,"walleye pollock",27.32,1,27.32
24,202301,"Vesteraalen",37,"T5",57.116712,-161.269757,10120,"Pacific halibut",0.37,1,0.37
24,202301,"Vesteraalen",37,"T5",57.116712,-161.269757,21370,"great sculpin",3.78,1,3.78
24,202301,"Vesteraalen",37,"T5",57.116712,-161.269757,10210,"yellowfin sole",41.96,43.2260833158886,1813.76645593469
24,202301,"Vesteraalen",37,"T5",57.116712,-161.269757,10220,"starry flounder",1.73,43.2260833158886,74.7811241364873
24,202301,"Vesteraalen",37,"T5",57.116712,-161.269757,10261,"northern rock sole",4.08,43.2260833158886,176.362419928826
25,202301,"Vesteraalen",38,"T4",57.282524,-161.259551,10220,"starry flounder",7.21,1,7.21
25,202301,"Vesteraalen",38,"T4",57.282524,-161.259551,10285,"Alaska plaice",9.71,1,9.71
25,202301,"Vesteraalen",38,"T4",57.282524,-161.259551,21370,"great sculpin",5.7,1,5.7
25,202301,"Vesteraalen",38,"T4",57.282524,-161.259551,21371,"plain sculpin",18.73,1,18.73
25,202301,"Vesteraalen",38,"T4",57.282524,-161.259551,10210,"yellowfin sole",74.1,1,74.1
25,202301,"Vesteraalen",38,"T4",57.282524,-161.259551,10261,"northern rock sole",38.21,1,38.21
25,202301,"Vesteraalen",38,"T4",57.282524,-161.259551,21740,"walleye pollock",3.42,1,3.42
25,202301,"Vesteraalen",38,"T4",57.282524,-161.259551,10120,"Pacific halibut",0.45,1,0.45
26,202301,"Vesteraalen",39,"T3",57.448308,-161.24925,21371,"plain sculpin",33.99,1,33.99
26,202301,"Vesteraalen",39,"T3",57.448308,-161.24925,10210,"yellowfin sole",32.45,1,32.45
26,202301,"Vesteraalen",39,"T3",57.448308,-161.24925,21370,"great sculpin",0.47,1,0.47
26,202301,"Vesteraalen",39,"T3",57.448308,-161.24925,10120,"Pacific halibut",0.91,1,0.91
26,202301,"Vesteraalen",39,"T3",57.448308,-161.24925,10220,"starry flounder",8.11,1,8.11
26,202301,"Vesteraalen",39,"T3",57.448308,-161.24925,10261,"northern rock sole",27.23,1,27.23
26,202301,"Vesteraalen",39,"T3",57.448308,-161.24925,10285,"Alaska plaice",2.7,1,2.7
27,202301,"Vesteraalen",40,"S12",55.962323,-161.783755,10261,"northern rock sole",3.38,1,3.38
27,202301,"Vesteraalen",40,"S12",55.962323,-161.783755,21720,"Pacific cod",0.32,1,0.32
27,202301,"Vesteraalen",40,"S12",55.962323,-161.783755,21740,"walleye pollock",0.19,1,0.19
27,202301,"Vesteraalen",40,"S12",55.962323,-161.783755,10220,"starry flounder",0.27,1,0.27
27,202301,"Vesteraalen",40,"S12",55.962323,-161.783755,10120,"Pacific halibut",0.17,1,0.17
28,202301,"Vesteraalen",41,"S11",56.128392,-161.776174,21720,"Pacific cod",0.05,1,0.05
28,202301,"Vesteraalen",41,"S11",56.128392,-161.776174,10261,"northern rock sole",65.01,1,65.01
28,202301,"Vesteraalen",41,"S11",56.128392,-161.776174,10285,"Alaska plaice",0.77,1,0.77
28,202301,"Vesteraalen",41,"S11",56.128392,-161.776174,10210,"yellowfin sole",3.29,1,3.29
28,202301,"Vesteraalen",41,"S11",56.128392,-161.776174,21740,"walleye pollock",0.01,1,0.01
28,202301,"Vesteraalen",41,"S11",56.128392,-161.776174,10120,"Pacific halibut",1.47,1,1.47
28,202301,"Vesteraalen",41,"S11",56.128392,-161.776174,10220,"starry flounder",2.17,1,2.17
29,202301,"Vesteraalen",42,"S10",56.294425,-161.768526,21371,"plain sculpin",1.12,1,1.12
29,202301,"Vesteraalen",42,"S10",56.294425,-161.768526,10220,"starry flounder",156.76,1,156.76
29,202301,"Vesteraalen",42,"S10",56.294425,-161.768526,10261,"northern rock sole",147.48,1,147.48
29,202301,"Vesteraalen",42,"S10",56.294425,-161.768526,10210,"yellowfin sole",16.41,1,16.41
29,202301,"Vesteraalen",42,"S10",56.294425,-161.768526,21720,"Pacific cod",2.59,1,2.59
29,202301,"Vesteraalen",42,"S10",56.294425,-161.768526,21740,"walleye pollock",10.52,1,10.52
29,202301,"Vesteraalen",42,"S10",56.294425,-161.768526,10285,"Alaska plaice",7.07,1,7.07
29,202301,"Vesteraalen",42,"S10",56.294425,-161.768526,10120,"Pacific halibut",0.12,1,0.12
30,202301,"Vesteraalen",43,"S9",56.460424,-161.760808,10210,"yellowfin sole",13.29,9.8510582010582,130.920563492064
30,202301,"Vesteraalen",43,"S9",56.460424,-161.760808,10285,"Alaska plaice",2.76,9.8510582010582,27.1889206349206
30,202301,"Vesteraalen",43,"S9",56.460424,-161.760808,10220,"starry flounder",0.98,9.8510582010582,9.65403703703704
30,202301,"Vesteraalen",43,"S9",56.460424,-161.760808,10112,"Kamchatka flounder",0.64,9.8510582010582,6.30467724867725
30,202301,"Vesteraalen",43,"S9",56.460424,-161.760808,21740,"walleye pollock",83.68,1,83.68
30,202301,"Vesteraalen",43,"S9",56.460424,-161.760808,21720,"Pacific cod",28.19,1,28.19
30,202301,"Vesteraalen",43,"S9",56.460424,-161.760808,21371,"plain sculpin",2.25,1,2.25
30,202301,"Vesteraalen",43,"S9",56.460424,-161.760808,21370,"great sculpin",8.99,1,8.99
30,202301,"Vesteraalen",43,"S9",56.460424,-161.760808,10270,"butter sole",14.88,9.8510582010582,146.583746031746
30,202301,"Vesteraalen",43,"S9",56.460424,-161.760808,10261,"northern rock sole",5.25,9.8510582010582,51.7180555555556
30,202301,"Vesteraalen",43,"S9",56.460424,-161.760808,400,"skate unid.",2.28,1,2.28
31,202301,"Vesteraalen",44,"S8",56.62639,-161.75302,400,"skate unid.",31.32,1,31.32
31,202301,"Vesteraalen",44,"S8",56.62639,-161.75302,21740,"walleye pollock",107.39,1,107.39
31,202301,"Vesteraalen",44,"S8",56.62639,-161.75302,21720,"Pacific cod",14.94,1,14.94
31,202301,"Vesteraalen",44,"S8",56.62639,-161.75302,21371,"plain sculpin",2.72,1,2.72
31,202301,"Vesteraalen",44,"S8",56.62639,-161.75302,10200,"rex sole",0.69,13.0646788990826,9.01462844036697
31,202301,"Vesteraalen",44,"S8",56.62639,-161.75302,10110,"arrowtooth flounder",0.38,13.0646788990826,4.96457798165138
31,202301,"Vesteraalen",44,"S8",56.62639,-161.75302,10285,"Alaska plaice",7.56,13.0646788990826,98.7689724770642
31,202301,"Vesteraalen",44,"S8",56.62639,-161.75302,10261,"northern rock sole",8.02,13.0646788990826,104.778724770642
31,202301,"Vesteraalen",44,"S8",56.62639,-161.75302,10210,"yellowfin sole",25.08,13.0646788990826,327.662146788991
31,202301,"Vesteraalen",44,"S8",56.62639,-161.75302,10130,"flathead sole",1.87,13.0646788990826,24.4309495412844
32,202301,"Vesteraalen",45,"S7",56.792325,-161.745161,21740,"walleye pollock",142.74,1,142.74
32,202301,"Vesteraalen",45,"S7",56.792325,-161.745161,21720,"Pacific cod",32.35,1,32.35
32,202301,"Vesteraalen",45,"S7",56.792325,-161.745161,21370,"great sculpin",3.32,1,3.32
32,202301,"Vesteraalen",45,"S7",56.792325,-161.745161,21371,"plain sculpin",8.24,1,8.24
32,202301,"Vesteraalen",45,"S7",56.792325,-161.745161,10210,"yellowfin sole",34.14,62.5552805280528,2135.63727722772
32,202301,"Vesteraalen",45,"S7",56.792325,-161.745161,10261,"northern rock sole",2.22,62.5552805280528,138.872722772277
33,202301,"Vesteraalen",46,"S6",56.958229,-161.737229,21370,"great sculpin",4.66,1,4.66
33,202301,"Vesteraalen",46,"S6",56.958229,-161.737229,21371,"plain sculpin",16.8,1,16.8
33,202301,"Vesteraalen",46,"S6",56.958229,-161.737229,10210,"yellowfin sole",34.32,1,34.32
33,202301,"Vesteraalen",46,"S6",56.958229,-161.737229,10261,"northern rock sole",70.55,1,70.55
33,202301,"Vesteraalen",46,"S6",56.958229,-161.737229,10285,"Alaska plaice",2.6,1,2.6
33,202301,"Vesteraalen",46,"S6",56.958229,-161.737229,10130,"flathead sole",0.94,1,0.94
33,202301,"Vesteraalen",46,"S6",56.958229,-161.737229,10220,"starry flounder",0.78,1,0.78
33,202301,"Vesteraalen",46,"S6",56.958229,-161.737229,10120,"Pacific halibut",0.75,1,0.75
33,202301,"Vesteraalen",46,"S6",56.958229,-161.737229,21720,"Pacific cod",1.57,1,1.57
33,202301,"Vesteraalen",46,"S6",56.958229,-161.737229,21740,"walleye pollock",12.73,1,12.73
34,202301,"Vesteraalen",47,"S5",57.124102,-161.729225,21371,"plain sculpin",7.13,1,7.13
34,202301,"Vesteraalen",47,"S5",57.124102,-161.729225,21740,"walleye pollock",1.89,1,1.89
34,202301,"Vesteraalen",47,"S5",57.124102,-161.729225,10261,"northern rock sole",17.16,1,17.16
34,202301,"Vesteraalen",47,"S5",57.124102,-161.729225,10220,"starry flounder",4.3,1,4.3
34,202301,"Vesteraalen",47,"S5",57.124102,-161.729225,10210,"yellowfin sole",20.44,1,20.44
34,202301,"Vesteraalen",47,"S5",57.124102,-161.729225,10285,"Alaska plaice",5.3,1,5.3
35,202301,"Vesteraalen",48,"S4",57.289948,-161.721146,21371,"plain sculpin",6.76,1,6.76
35,202301,"Vesteraalen",48,"S4",57.289948,-161.721146,10220,"starry flounder",13.53,1,13.53
35,202301,"Vesteraalen",48,"S4",57.289948,-161.721146,10261,"northern rock sole",0.65,1,0.65
35,202301,"Vesteraalen",48,"S4",57.289948,-161.721146,10285,"Alaska plaice",11.94,1,11.94
35,202301,"Vesteraalen",48,"S4",57.289948,-161.721146,10210,"yellowfin sole",3.45,1,3.45
35,202301,"Vesteraalen",48,"S4",57.289948,-161.721146,21720,"Pacific cod",0.01,1,0.01
35,202301,"Vesteraalen",48,"S4",57.289948,-161.721146,10120,"Pacific halibut",0.18,1,0.18
35,202301,"Vesteraalen",48,"S4",57.289948,-161.721146,21740,"walleye pollock",0.04,1,0.04
36,202301,"Vesteraalen",49,"S3",57.455765,-161.712992,10220,"starry flounder",1.38,1,1.38
36,202301,"Vesteraalen",49,"S3",57.455765,-161.712992,10210,"yellowfin sole",1.45,1,1.45
36,202301,"Vesteraalen",49,"S3",57.455765,-161.712992,21371,"plain sculpin",0.74,1,0.74
36,202301,"Vesteraalen",49,"S3",57.455765,-161.712992,10120,"Pacific halibut",0.35,1,0.35
36,202301,"Vesteraalen",49,"S3",57.455765,-161.712992,10285,"Alaska plaice",3.17,1,3.17
36,202301,"Vesteraalen",49,"S3",57.455765,-161.712992,10261,"northern rock sole",2.52,1,2.52
37,202301,"Vesteraalen",50,"S2",57.621556,-161.704761,10285,"Alaska plaice",0.69,1,0.69
37,202301,"Vesteraalen",50,"S2",57.621556,-161.704761,10210,"yellowfin sole",2.99,1,2.99
37,202301,"Vesteraalen",50,"S2",57.621556,-161.704761,21371,"plain sculpin",4.92,1,4.92
37,202301,"Vesteraalen",50,"S2",57.621556,-161.704761,10220,"starry flounder",8.63,1,8.63
37,202301,"Vesteraalen",50,"S2",57.621556,-161.704761,10261,"northern rock sole",26.01,1,26.01
37,202301,"Vesteraalen",50,"S2",57.621556,-161.704761,21740,"walleye pollock",0.05,1,0.05
37,202301,"Vesteraalen",50,"S2",57.621556,-161.704761,10120,"Pacific halibut",0.12,1,0.12
38,202301,"Vesteraalen",51,"S1",57.787321,-161.696454,21371,"plain sculpin",1.21,1,1.21
38,202301,"Vesteraalen",51,"S1",57.787321,-161.696454,10220,"starry flounder",5,1,5
38,202301,"Vesteraalen",51,"S1",57.787321,-161.696454,10261,"northern rock sole",23.21,1,23.21
38,202301,"Vesteraalen",51,"S1",57.787321,-161.696454,10210,"yellowfin sole",0.96,1,0.96
38,202301,"Vesteraalen",51,"S1",57.787321,-161.696454,21720,"Pacific cod",0.01,1,0.01
38,202301,"Vesteraalen",51,"S1",57.787321,-161.696454,10120,"Pacific halibut",0.14,1,0.14
38,202301,"Vesteraalen",51,"S1",57.787321,-161.696454,21740,"walleye pollock",0.02,1,0.02
38,202301,"Vesteraalen",51,"S1",57.787321,-161.696454,10285,"Alaska plaice",0.48,1,0.48
39,202301,"Vesteraalen",52,"R1",57.793094,-162.164726,21371,"plain sculpin",1.01,1,1.01
39,202301,"Vesteraalen",52,"R1",57.793094,-162.164726,10261,"northern rock sole",4.9,1,4.9
39,202301,"Vesteraalen",52,"R1",57.793094,-162.164726,10120,"Pacific halibut",0.07,1,0.07
39,202301,"Vesteraalen",52,"R1",57.793094,-162.164726,10220,"starry flounder",1.9,1,1.9
39,202301,"Vesteraalen",52,"R1",57.793094,-162.164726,10210,"yellowfin sole",1.09,1,1.09
39,202301,"Vesteraalen",52,"R1",57.793094,-162.164726,21740,"walleye pollock",0.02,1,0.02
39,202301,"Vesteraalen",52,"R1",57.793094,-162.164726,21720,"Pacific cod",0.01,1,0.01
39,202301,"Vesteraalen",52,"R1",57.793094,-162.164726,10285,"Alaska plaice",0.28,1,0.28
40,202301,"Vesteraalen",53,"R2",57.627302,-162.170844,21371,"plain sculpin",2.15,1,2.15
40,202301,"Vesteraalen",53,"R2",57.627302,-162.170844,10220,"starry flounder",0.16,1,0.16
40,202301,"Vesteraalen",53,"R2",57.627302,-162.170844,10210,"yellowfin sole",0.37,1,0.37
40,202301,"Vesteraalen",53,"R2",57.627302,-162.170844,21720,"Pacific cod",0.1,1,0.1
40,202301,"Vesteraalen",53,"R2",57.627302,-162.170844,10261,"northern rock sole",2.06,1,2.06
40,202301,"Vesteraalen",53,"R2",57.627302,-162.170844,10285,"Alaska plaice",0.22,1,0.22
40,202301,"Vesteraalen",53,"R2",57.627302,-162.170844,21740,"walleye pollock",0.04,1,0.04
41,202301,"Vesteraalen",54,"R3",57.461485,-162.176905,10210,"yellowfin sole",0.92,1,0.92
41,202301,"Vesteraalen",54,"R3",57.461485,-162.176905,21371,"plain sculpin",3.12,1,3.12
41,202301,"Vesteraalen",54,"R3",57.461485,-162.176905,21740,"walleye pollock",0.06,1,0.06
41,202301,"Vesteraalen",54,"R3",57.461485,-162.176905,10261,"northern rock sole",2.28,1,2.28
41,202301,"Vesteraalen",54,"R3",57.461485,-162.176905,10285,"Alaska plaice",0.37,1,0.37
42,202301,"Vesteraalen",55,"R4",57.295642,-162.18291,21371,"plain sculpin",2.14,1,2.14
42,202301,"Vesteraalen",55,"R4",57.295642,-162.18291,10261,"northern rock sole",3.91,1,3.91
42,202301,"Vesteraalen",55,"R4",57.295642,-162.18291,10285,"Alaska plaice",0.63,1,0.63
42,202301,"Vesteraalen",55,"R4",57.295642,-162.18291,21740,"walleye pollock",0.01,1,0.01
43,202301,"Vesteraalen",56,"R5",57.129772,-162.18886,10285,"Alaska plaice",5.22,1,5.22
43,202301,"Vesteraalen",56,"R5",57.129772,-162.18886,21371,"plain sculpin",5.79,1,5.79
43,202301,"Vesteraalen",56,"R5",57.129772,-162.18886,21720,"Pacific cod",0.43,1,0.43
43,202301,"Vesteraalen",56,"R5",57.129772,-162.18886,10220,"starry flounder",18.25,1,18.25
43,202301,"Vesteraalen",56,"R5",57.129772,-162.18886,10261,"northern rock sole",24.3,1,24.3
43,202301,"Vesteraalen",56,"R5",57.129772,-162.18886,10210,"yellowfin sole",8.9,1,8.9
43,202301,"Vesteraalen",56,"R5",57.129772,-162.18886,10120,"Pacific halibut",0.15,1,0.15
44,202301,"Vesteraalen",57,"R6",56.963873,-162.194754,10210,"yellowfin sole",261.03,1,261.03
44,202301,"Vesteraalen",57,"R6",56.963873,-162.194754,10285,"Alaska plaice",26.9,1,26.9
44,202301,"Vesteraalen",57,"R6",56.963873,-162.194754,10261,"northern rock sole",56.92,1,56.92
44,202301,"Vesteraalen",57,"R6",56.963873,-162.194754,10220,"starry flounder",20.32,1,20.32
44,202301,"Vesteraalen",57,"R6",56.963873,-162.194754,21371,"plain sculpin",23.235,1,23.235
44,202301,"Vesteraalen",57,"R6",56.963873,-162.194754,21370,"great sculpin",0.38,1,0.38
44,202301,"Vesteraalen",57,"R6",56.963873,-162.194754,21740,"walleye pollock",8.13,1,8.13
45,202301,"Vesteraalen",58,"R7",56.797944,-162.200595,21371,"plain sculpin",14.18,1,14.18
45,202301,"Vesteraalen",58,"R7",56.797944,-162.200595,21740,"walleye pollock",35.04,1,35.04
45,202301,"Vesteraalen",58,"R7",56.797944,-162.200595,21370,"great sculpin",0.84,1,0.84
45,202301,"Vesteraalen",58,"R7",56.797944,-162.200595,10261,"northern rock sole",1.76,26.8139534883721,47.1925581395349
45,202301,"Vesteraalen",58,"R7",56.797944,-162.200595,10285,"Alaska plaice",2.24,26.8139534883721,60.0632558139535
45,202301,"Vesteraalen",58,"R7",56.797944,-162.200595,10210,"yellowfin sole",14.06,26.8139534883721,377.004186046512
45,202301,"Vesteraalen",58,"R7",56.797944,-162.200595,21720,"Pacific cod",0.08,1,0.08
46,202301,"Vesteraalen",59,"R8",56.631985,-162.206383,21370,"great sculpin",1.26,1,1.26
46,202301,"Vesteraalen",59,"R8",56.631985,-162.206383,21371,"plain sculpin",7.08,1,7.08
46,202301,"Vesteraalen",59,"R8",56.631985,-162.206383,400,"skate unid.",23.1,1,23.1
46,202301,"Vesteraalen",59,"R8",56.631985,-162.206383,21740,"walleye pollock",2.48,1,2.48
46,202301,"Vesteraalen",59,"R8",56.631985,-162.206383,10210,"yellowfin sole",15.74,24.2786956521739,382.146669565217
46,202301,"Vesteraalen",59,"R8",56.631985,-162.206383,21720,"Pacific cod",4.5,1,4.5
46,202301,"Vesteraalen",59,"R8",56.631985,-162.206383,10285,"Alaska plaice",2.82,24.2786956521739,68.4659217391304
46,202301,"Vesteraalen",59,"R8",56.631985,-162.206383,10261,"northern rock sole",4.44,24.2786956521739,107.797408695652
47,202301,"Vesteraalen",60,"R9",56.465995,-162.212118,21740,"walleye pollock",186.27,1,186.27
47,202301,"Vesteraalen",60,"R9",56.465995,-162.212118,21371,"plain sculpin",11.29,1,11.29
47,202301,"Vesteraalen",60,"R9",56.465995,-162.212118,21720,"Pacific cod",33.02,1,33.02
47,202301,"Vesteraalen",60,"R9",56.465995,-162.212118,10120,"Pacific halibut",2.76,1,2.76
47,202301,"Vesteraalen",60,"R9",56.465995,-162.212118,21370,"great sculpin",2.65,1,2.65
47,202301,"Vesteraalen",60,"R9",56.465995,-162.212118,10261,"northern rock sole",15.18,26.1376544548016,396.769594623889
47,202301,"Vesteraalen",60,"R9",56.465995,-162.212118,10130,"flathead sole",2.222,26.1376544548016,58.0778681985693
47,202301,"Vesteraalen",60,"R9",56.465995,-162.212118,10210,"yellowfin sole",1.05,26.1376544548016,27.4445371775417
48,202301,"Vesteraalen",61,"R10",56.299971,-162.217801,21740,"walleye pollock",277.1,1,277.1
48,202301,"Vesteraalen",61,"R10",56.299971,-162.217801,21720,"Pacific cod",17.46,1,17.46
48,202301,"Vesteraalen",61,"R10",56.299971,-162.217801,21370,"great sculpin",6.46,1,6.46
48,202301,"Vesteraalen",61,"R10",56.299971,-162.217801,21371,"plain sculpin",1.58,1,1.58
48,202301,"Vesteraalen",61,"R10",56.299971,-162.217801,10261,"northern rock sole",23.86,10.1508120649652,242.19837587007
48,202301,"Vesteraalen",61,"R10",56.299971,-162.217801,10210,"yellowfin sole",4.76,10.1508120649652,48.3178654292343
48,202301,"Vesteraalen",61,"R10",56.299971,-162.217801,10285,"Alaska plaice",3.72,10.1508120649652,37.7610208816705
48,202301,"Vesteraalen",61,"R10",56.299971,-162.217801,10130,"flathead sole",0.94,10.1508120649652,9.54176334106729
48,202301,"Vesteraalen",61,"R10",56.299971,-162.217801,10220,"starry flounder",1.2,10.1508120649652,12.1809744779582
49,202301,"Vesteraalen",62,"R11",56.133914,-162.223434,10120,"Pacific halibut",7.17,1,7.17
49,202301,"Vesteraalen",62,"R11",56.133914,-162.223434,21740,"walleye pollock",17.92,1,17.92
49,202301,"Vesteraalen",62,"R11",56.133914,-162.223434,400,"skate unid.",8,1,8
49,202301,"Vesteraalen",62,"R11",56.133914,-162.223434,21720,"Pacific cod",24,1,24
49,202301,"Vesteraalen",62,"R11",56.133914,-162.223434,21370,"great sculpin",5.52,1,5.52
49,202301,"Vesteraalen",62,"R11",56.133914,-162.223434,10261,"northern rock sole",16.6,10.4539939332659,173.536299292214
49,202301,"Vesteraalen",62,"R11",56.133914,-162.223434,10130,"flathead sole",0.58,10.4539939332659,6.06331648129424
49,202301,"Vesteraalen",62,"R11",56.133914,-162.223434,10210,"yellowfin sole",1.32,10.4539939332659,13.799271991911
49,202301,"Vesteraalen",62,"R11",56.133914,-162.223434,10285,"Alaska plaice",1.28,10.4539939332659,13.3811122345804
50,202301,"Vesteraalen",63,"R12",55.967823,-162.229016,21740,"walleye pollock",237.48,1,237.48
50,202301,"Vesteraalen",63,"R12",55.967823,-162.229016,21720,"Pacific cod",16.48,1,16.48
50,202301,"Vesteraalen",63,"R12",55.967823,-162.229016,21370,"great sculpin",3.81,1,3.81
50,202301,"Vesteraalen",63,"R12",55.967823,-162.229016,10261,"northern rock sole",23.76,8.45597210113339,200.913897122929
50,202301,"Vesteraalen",63,"R12",55.967823,-162.229016,10120,"Pacific halibut",2.49,1,2.49
50,202301,"Vesteraalen",63,"R12",55.967823,-162.229016,10210,"yellowfin sole",6.67,8.45597210113339,56.4013339145597
50,202301,"Vesteraalen",63,"R12",55.967823,-162.229016,10285,"Alaska plaice",3.98,8.45597210113339,33.6547689625109
51,202301,"Vesteraalen",64,"R13",55.801695,-162.234548,21371,"plain sculpin",2.95,1,2.95
51,202301,"Vesteraalen",64,"R13",55.801695,-162.234548,10261,"northern rock sole",24.73,1,24.73
51,202301,"Vesteraalen",64,"R13",55.801695,-162.234548,21720,"Pacific cod",0.03,1,0.03
51,202301,"Vesteraalen",64,"R13",55.801695,-162.234548,21370,"great sculpin",2.13,1,2.13
51,202301,"Vesteraalen",64,"R13",55.801695,-162.234548,10210,"yellowfin sole",1.54,1,1.54
51,202301,"Vesteraalen",64,"R13",55.801695,-162.234548,471,"Alaska skate",2.25,1,2.25
51,202301,"Vesteraalen",64,"R13",55.801695,-162.234548,10120,"Pacific halibut",0.51,1,0.51
51,202301,"Vesteraalen",64,"R13",55.801695,-162.234548,21740,"walleye pollock",2.26,1,2.26
52,202301,"Vesteraalen",65,"Q14",55.639327,-162.681458,21371,"plain sculpin",1.35,1,1.35
52,202301,"Vesteraalen",65,"Q14",55.639327,-162.681458,10220,"starry flounder",7.53,1,7.53
52,202301,"Vesteraalen",65,"Q14",55.639327,-162.681458,10210,"yellowfin sole",7.74,1,7.74
52,202301,"Vesteraalen",65,"Q14",55.639327,-162.681458,10261,"northern rock sole",19.25,1,19.25
52,202301,"Vesteraalen",65,"Q14",55.639327,-162.681458,10120,"Pacific halibut",0.33,1,0.33
52,202301,"Vesteraalen",65,"Q14",55.639327,-162.681458,21370,"great sculpin",0.32,1,0.32
52,202301,"Vesteraalen",65,"Q14",55.639327,-162.681458,21740,"walleye pollock",0.14,1,0.14
52,202301,"Vesteraalen",65,"Q14",55.639327,-162.681458,10285,"Alaska plaice",0.21,1,0.21
53,202301,"Vesteraalen",66,"Q13",55.805507,-162.677939,21720,"Pacific cod",4.39,1,4.39
53,202301,"Vesteraalen",66,"Q13",55.805507,-162.677939,21740,"walleye pollock",7.73,1,7.73
53,202301,"Vesteraalen",66,"Q13",55.805507,-162.677939,10120,"Pacific halibut",0.41,1,0.41
53,202301,"Vesteraalen",66,"Q13",55.805507,-162.677939,21370,"great sculpin",1.62,1,1.62
53,202301,"Vesteraalen",66,"Q13",55.805507,-162.677939,10261,"northern rock sole",16.2,10.2596153846154,166.205769230769
53,202301,"Vesteraalen",66,"Q13",55.805507,-162.677939,10285,"Alaska plaice",0.98,10.2596153846154,10.0544230769231
53,202301,"Vesteraalen",66,"Q13",55.805507,-162.677939,10220,"starry flounder",5.59,10.2596153846154,57.35125
53,202301,"Vesteraalen",66,"Q13",55.805507,-162.677939,10210,"yellowfin sole",1.06,10.2596153846154,10.8751923076923
53,202301,"Vesteraalen",66,"Q13",55.805507,-162.677939,10110,"arrowtooth flounder",0.09,10.2596153846154,0.923365384615385
53,202301,"Vesteraalen",66,"Q13",55.805507,-162.677939,21710,"Pacific tomcod",0.5,1,0.5
54,202301,"Vesteraalen",67,"Q12",55.971651,-162.674389,21740,"walleye pollock",170.94,1,170.94
54,202301,"Vesteraalen",67,"Q12",55.971651,-162.674389,21720,"Pacific cod",3.84,1,3.84
54,202301,"Vesteraalen",67,"Q12",55.971651,-162.674389,10261,"northern rock sole",27.88,8.45156167284277,235.629539438857
54,202301,"Vesteraalen",67,"Q12",55.971651,-162.674389,10220,"starry flounder",1.48,8.45156167284277,12.5083112758073
54,202301,"Vesteraalen",67,"Q12",55.971651,-162.674389,10285,"Alaska plaice",0.42,8.45156167284277,3.54965590259396
54,202301,"Vesteraalen",67,"Q12",55.971651,-162.674389,10270,"butter sole",4.58,8.45156167284277,38.7081524616199
54,202301,"Vesteraalen",67,"Q12",55.971651,-162.674389,10210,"yellowfin sole",2.54,8.45156167284277,21.4669666490206
54,202301,"Vesteraalen",67,"Q12",55.971651,-162.674389,10130,"flathead sole",0.88,8.45156167284277,7.43737427210164
55,202301,"Vesteraalen",68,"Q11",56.137759,-162.670806,10261,"northern rock sole",136.05,1,136.05
55,202301,"Vesteraalen",68,"Q11",56.137759,-162.670806,10210,"yellowfin sole",3.98,1,3.98
55,202301,"Vesteraalen",68,"Q11",56.137759,-162.670806,10130,"flathead sole",8.34,1,8.34
55,202301,"Vesteraalen",68,"Q11",56.137759,-162.670806,10270,"butter sole",48.28,1,48.28
55,202301,"Vesteraalen",68,"Q11",56.137759,-162.670806,21720,"Pacific cod",1.01,1,1.01
55,202301,"Vesteraalen",68,"Q11",56.137759,-162.670806,10285,"Alaska plaice",5.75,1,5.75
55,202301,"Vesteraalen",68,"Q11",56.137759,-162.670806,10220,"starry flounder",5.89,1,5.89
55,202301,"Vesteraalen",68,"Q11",56.137759,-162.670806,21740,"walleye pollock",11.1,1,11.1
55,202301,"Vesteraalen",68,"Q11",56.137759,-162.670806,10110,"arrowtooth flounder",0.34,1,0.34
55,202301,"Vesteraalen",68,"Q11",56.137759,-162.670806,400,"skate unid.",2.15,1,2.15
56,202301,"Vesteraalen",69,"Q10",56.303833,-162.667192,10285,"Alaska plaice",31.76,1,31.76
56,202301,"Vesteraalen",69,"Q10",56.303833,-162.667192,10261,"northern rock sole",75.42,1,75.42
56,202301,"Vesteraalen",69,"Q10",56.303833,-162.667192,10270,"butter sole",25.6,1,25.6
56,202301,"Vesteraalen",69,"Q10",56.303833,-162.667192,10130,"flathead sole",11.68,1,11.68
56,202301,"Vesteraalen",69,"Q10",56.303833,-162.667192,10210,"yellowfin sole",25.16,1,25.16
56,202301,"Vesteraalen",69,"Q10",56.303833,-162.667192,400,"skate unid.",6.92,1,6.92
56,202301,"Vesteraalen",69,"Q10",56.303833,-162.667192,10220,"starry flounder",8.49,1,8.49
56,202301,"Vesteraalen",69,"Q10",56.303833,-162.667192,10110,"arrowtooth flounder",1.42,1,1.42
56,202301,"Vesteraalen",69,"Q10",56.303833,-162.667192,21740,"walleye pollock",27.34,1,27.34
57,202301,"Vesteraalen",70,"Q9",56.469873,-162.663544,21371,"plain sculpin",4.52,1,4.52
57,202301,"Vesteraalen",70,"Q9",56.469873,-162.663544,21720,"Pacific cod",7.85,1,7.85
57,202301,"Vesteraalen",70,"Q9",56.469873,-162.663544,400,"skate unid.",10.08,1,10.08
57,202301,"Vesteraalen",70,"Q9",56.469873,-162.663544,10120,"Pacific halibut",1.38,1,1.38
57,202301,"Vesteraalen",70,"Q9",56.469873,-162.663544,21740,"walleye pollock",28,1,28
57,202301,"Vesteraalen",70,"Q9",56.469873,-162.663544,10261,"northern rock sole",21.88,8.38175460902734,183.392790845518
57,202301,"Vesteraalen",70,"Q9",56.469873,-162.663544,10130,"flathead sole",3.42,8.38175460902734,28.6656007628735
57,202301,"Vesteraalen",70,"Q9",56.469873,-162.663544,10270,"butter sole",3.68,8.38175460902734,30.8448569612206
57,202301,"Vesteraalen",70,"Q9",56.469873,-162.663544,10285,"Alaska plaice",1.9,8.38175460902734,15.9253337571519
57,202301,"Vesteraalen",70,"Q9",56.469873,-162.663544,10210,"yellowfin sole",0.58,8.38175460902734,4.86141767323586
58,202301,"Vesteraalen",71,"Q8",56.63588,-162.659863,21720,"Pacific cod",20.69,1,20.69
58,202301,"Vesteraalen",71,"Q8",56.63588,-162.659863,21371,"plain sculpin",9.26,1,9.26
58,202301,"Vesteraalen",71,"Q8",56.63588,-162.659863,10261,"northern rock sole",17.5,7.43029300567108,130.030127599244
58,202301,"Vesteraalen",71,"Q8",56.63588,-162.659863,10210,"yellowfin sole",14.94,7.43029300567108,111.008577504726
58,202301,"Vesteraalen",71,"Q8",56.63588,-162.659863,10270,"butter sole",4.11,7.43029300567108,30.5385042533081
58,202301,"Vesteraalen",71,"Q8",56.63588,-162.659863,10130,"flathead sole",2.45,7.43029300567108,18.2042178638941
58,202301,"Vesteraalen",71,"Q8",56.63588,-162.659863,10285,"Alaska plaice",3.32,7.43029300567108,24.668572778828
58,202301,"Vesteraalen",71,"Q8",56.63588,-162.659863,400,"skate unid.",6.42,1,6.42
58,202301,"Vesteraalen",71,"Q8",56.63588,-162.659863,10120,"Pacific halibut",6.55,1,6.55
58,202301,"Vesteraalen",71,"Q8",56.63588,-162.659863,21740,"walleye pollock",49.72,1,49.72
59,202301,"Vesteraalen",72,"Q7",56.801856,-162.656149,21371,"plain sculpin",12.23,1,12.23
59,202301,"Vesteraalen",72,"Q7",56.801856,-162.656149,21740,"walleye pollock",6.66,1,6.66
59,202301,"Vesteraalen",72,"Q7",56.801856,-162.656149,21720,"Pacific cod",0.55,1,0.55
59,202301,"Vesteraalen",72,"Q7",56.801856,-162.656149,10120,"Pacific halibut",0.33,1,0.33
59,202301,"Vesteraalen",72,"Q7",56.801856,-162.656149,10210,"yellowfin sole",29.45,11.6791154791155,343.949950859951
59,202301,"Vesteraalen",72,"Q7",56.801856,-162.656149,10220,"starry flounder",2.84,11.6791154791155,33.168687960688
59,202301,"Vesteraalen",72,"Q7",56.801856,-162.656149,10270,"butter sole",0.44,11.6791154791155,5.13881081081081
59,202301,"Vesteraalen",72,"Q7",56.801856,-162.656149,10261,"northern rock sole",5.05,11.6791154791155,58.9795331695332
59,202301,"Vesteraalen",72,"Q7",56.801856,-162.656149,10285,"Alaska plaice",2.92,11.6791154791155,34.1030171990172
59,202301,"Vesteraalen",72,"Q7",56.801856,-162.656149,21370,"great sculpin",3.08,1,3.08
60,202301,"Vesteraalen",73,"Q6",56.967802,-162.652401,21370,"great sculpin",0.37,1,0.37
60,202301,"Vesteraalen",73,"Q6",56.967802,-162.652401,21371,"plain sculpin",16.8,1,16.8
60,202301,"Vesteraalen",73,"Q6",56.967802,-162.652401,21740,"walleye pollock",3.01,1,3.01
60,202301,"Vesteraalen",73,"Q6",56.967802,-162.652401,10120,"Pacific halibut",0.29,1,0.29
60,202301,"Vesteraalen",73,"Q6",56.967802,-162.652401,10210,"yellowfin sole",9.94,5.81677943166441,57.8187875507443
60,202301,"Vesteraalen",73,"Q6",56.967802,-162.652401,10261,"northern rock sole",14.88,5.81677943166441,86.5536779431664
60,202301,"Vesteraalen",73,"Q6",56.967802,-162.652401,10220,"starry flounder",4.87,5.81677943166441,28.3277158322057
60,202301,"Vesteraalen",73,"Q6",56.967802,-162.652401,10285,"Alaska plaice",7.26,5.81677943166441,42.2298186738836
61,202301,"Vesteraalen",74,"Q5",57.133718,-162.648617,21740,"walleye pollock",0.85,1,0.85
61,202301,"Vesteraalen",74,"Q5",57.133718,-162.648617,21371,"plain sculpin",14.03,1,14.03
61,202301,"Vesteraalen",74,"Q5",57.133718,-162.648617,21370,"great sculpin",0.7,1,0.7
61,202301,"Vesteraalen",74,"Q5",57.133718,-162.648617,10261,"northern rock sole",7.97,4.3943342776204,35.0228441926346
61,202301,"Vesteraalen",74,"Q5",57.133718,-162.648617,10270,"butter sole",0.39,4.3943342776204,1.71379036827195
61,202301,"Vesteraalen",74,"Q5",57.133718,-162.648617,10210,"yellowfin sole",4.69,4.3943342776204,20.6094277620397
61,202301,"Vesteraalen",74,"Q5",57.133718,-162.648617,10285,"Alaska plaice",1.61,4.3943342776204,7.07487818696884
61,202301,"Vesteraalen",74,"Q5",57.133718,-162.648617,10220,"starry flounder",2.99,4.3943342776204,13.139059490085
62,202301,"Vesteraalen",75,"Q4",57.299606,-162.644799,21371,"plain sculpin",4.3,1,4.3
62,202301,"Vesteraalen",75,"Q4",57.299606,-162.644799,10285,"Alaska plaice",3.53,1,3.53
62,202301,"Vesteraalen",75,"Q4",57.299606,-162.644799,10210,"yellowfin sole",1,1,1
62,202301,"Vesteraalen",75,"Q4",57.299606,-162.644799,10220,"starry flounder",1.48,1,1.48
62,202301,"Vesteraalen",75,"Q4",57.299606,-162.644799,10261,"northern rock sole",3.24,1,3.24
62,202301,"Vesteraalen",75,"Q4",57.299606,-162.644799,21740,"walleye pollock",0.6,1,0.6
63,202301,"Vesteraalen",76,"Q3",57.465467,-162.640946,21371,"plain sculpin",1.66,1,1.66
63,202301,"Vesteraalen",76,"Q3",57.465467,-162.640946,10261,"northern rock sole",1.91,1,1.91
63,202301,"Vesteraalen",76,"Q3",57.465467,-162.640946,10210,"yellowfin sole",0.48,1,0.48
63,202301,"Vesteraalen",76,"Q3",57.465467,-162.640946,10285,"Alaska plaice",1.07,1,1.07
63,202301,"Vesteraalen",76,"Q3",57.465467,-162.640946,21740,"walleye pollock",0.02,1,0.02
63,202301,"Vesteraalen",76,"Q3",57.465467,-162.640946,10220,"starry flounder",0.61,1,0.61
64,202301,"Vesteraalen",77,"Q2",57.631302,-162.637056,21371,"plain sculpin",0.86,1,0.86
64,202301,"Vesteraalen",77,"Q2",57.631302,-162.637056,21720,"Pacific cod",0.04,1,0.04
64,202301,"Vesteraalen",77,"Q2",57.631302,-162.637056,10210,"yellowfin sole",0.13,1,0.13
64,202301,"Vesteraalen",77,"Q2",57.631302,-162.637056,10261,"northern rock sole",0.71,1,0.71
64,202301,"Vesteraalen",77,"Q2",57.631302,-162.637056,10220,"starry flounder",0.28,1,0.28
64,202301,"Vesteraalen",77,"Q2",57.631302,-162.637056,21740,"walleye pollock",0.03,1,0.03
65,202301,"Vesteraalen",78,"Q1",57.797112,-162.633129,10261,"northern rock sole",1.15,1,1.15
65,202301,"Vesteraalen",78,"Q1",57.797112,-162.633129,10210,"yellowfin sole",0.53,1,0.53
65,202301,"Vesteraalen",78,"Q1",57.797112,-162.633129,21371,"plain sculpin",1.42,1,1.42
65,202301,"Vesteraalen",78,"Q1",57.797112,-162.633129,10220,"starry flounder",1.66,1,1.66
65,202301,"Vesteraalen",78,"Q1",57.797112,-162.633129,21720,"Pacific cod",0.07,1,0.07
66,202301,"Vesteraalen",79,"P6",56.970016,-163.110125,21371,"plain sculpin",9,1,9
66,202301,"Vesteraalen",79,"P6",56.970016,-163.110125,21740,"walleye pollock",0.62,1,0.62
66,202301,"Vesteraalen",79,"P6",56.970016,-163.110125,21720,"Pacific cod",0.06,1,0.06
66,202301,"Vesteraalen",79,"P6",56.970016,-163.110125,10261,"northern rock sole",13.47,7.03357206803939,94.7422157564906
66,202301,"Vesteraalen",79,"P6",56.970016,-163.110125,10210,"yellowfin sole",6.98,7.03357206803939,49.0943330349149
66,202301,"Vesteraalen",79,"P6",56.970016,-163.110125,10285,"Alaska plaice",1.15,7.03357206803939,8.0886078782453
66,202301,"Vesteraalen",79,"P6",56.970016,-163.110125,10220,"starry flounder",0.74,7.03357206803939,5.20484333034915
67,202301,"Vesteraalen",80,"P7",56.804061,-163.11178,21371,"plain sculpin",20.36,1,20.36
67,202301,"Vesteraalen",80,"P7",56.804061,-163.11178,10261,"northern rock sole",12.16,19.2314657611771,233.854623655914
67,202301,"Vesteraalen",80,"P7",56.804061,-163.11178,10210,"yellowfin sole",4.3,19.2314657611771,82.6953027730617
67,202301,"Vesteraalen",80,"P7",56.804061,-163.11178,10285,"Alaska plaice",1.21,19.2314657611771,23.2700735710243
67,202301,"Vesteraalen",80,"P7",56.804061,-163.11178,10120,"Pacific halibut",0.75,1,0.75
67,202301,"Vesteraalen",80,"P7",56.804061,-163.11178,21720,"Pacific cod",2.03,1,2.03
67,202301,"Vesteraalen",80,"P7",56.804061,-163.11178,21740,"walleye pollock",0.11,1,0.11
68,202301,"Vesteraalen",81,"P8",56.638075,-163.11342,21740,"walleye pollock",45.86,1,45.86
68,202301,"Vesteraalen",81,"P8",56.638075,-163.11342,21370,"great sculpin",7.95,1,7.95
68,202301,"Vesteraalen",81,"P8",56.638075,-163.11342,21720,"Pacific cod",12.09,1,12.09
68,202301,"Vesteraalen",81,"P8",56.638075,-163.11342,21371,"plain sculpin",9.36,1,9.36
68,202301,"Vesteraalen",81,"P8",56.638075,-163.11342,10261,"northern rock sole",23.35,13.3864229765013,312.572976501305
68,202301,"Vesteraalen",81,"P8",56.638075,-163.11342,10210,"yellowfin sole",2.26,13.3864229765013,30.2533159268929
68,202301,"Vesteraalen",81,"P8",56.638075,-163.11342,10120,"Pacific halibut",2.12,1,2.12
68,202301,"Vesteraalen",81,"P8",56.638075,-163.11342,10285,"Alaska plaice",1.2,13.3864229765013,16.0637075718016
69,202301,"Vesteraalen",82,"P9",56.472058,-163.115045,21740,"walleye pollock",142.7,1,142.7
69,202301,"Vesteraalen",82,"P9",56.472058,-163.115045,21720,"Pacific cod",28.95,1,28.95
69,202301,"Vesteraalen",82,"P9",56.472058,-163.115045,21371,"plain sculpin",5.84,1,5.84
69,202301,"Vesteraalen",82,"P9",56.472058,-163.115045,21370,"great sculpin",9.32,1,9.32
69,202301,"Vesteraalen",82,"P9",56.472058,-163.115045,10210,"yellowfin sole",4.69,8.96160877513711,42.0299451553931
69,202301,"Vesteraalen",82,"P9",56.472058,-163.115045,10261,"northern rock sole",7.28,8.96160877513711,65.2405118829982
69,202301,"Vesteraalen",82,"P9",56.472058,-163.115045,10110,"arrowtooth flounder",0.42,8.96160877513711,3.76387568555759
69,202301,"Vesteraalen",82,"P9",56.472058,-163.115045,10285,"Alaska plaice",0.43,8.96160877513711,3.85349177330896
69,202301,"Vesteraalen",82,"P9",56.472058,-163.115045,10130,"flathead sole",3.59,8.96160877513711,32.1721755027422
69,202301,"Vesteraalen",82,"P9",56.472058,-163.115045,400,"skate unid.",6.71,1,6.71
70,202301,"Vesteraalen",83,"P10",56.306008,-163.116655,10210,"yellowfin sole",4.91,1,4.91
70,202301,"Vesteraalen",83,"P10",56.306008,-163.116655,21722,"Pacific cod (adult)",25.61,1,25.61
70,202301,"Vesteraalen",83,"P10",56.306008,-163.116655,10285,"Alaska plaice",5.33,1,5.33
70,202301,"Vesteraalen",83,"P10",56.306008,-163.116655,10110,"arrowtooth flounder",0.51,1,0.51
70,202301,"Vesteraalen",83,"P10",56.306008,-163.116655,10120,"Pacific halibut",1.82,1,1.82
70,202301,"Vesteraalen",83,"P10",56.306008,-163.116655,10130,"flathead sole",25.63,1,25.63
70,202301,"Vesteraalen",83,"P10",56.306008,-163.116655,400,"skate unid.",6.72,1,6.72
70,202301,"Vesteraalen",83,"P10",56.306008,-163.116655,10261,"northern rock sole",28.5,1,28.5
70,202301,"Vesteraalen",83,"P10",56.306008,-163.116655,21740,"walleye pollock",17.25,1,17.25
71,202301,"Vesteraalen",84,"P11",56.139925,-163.118252,21740,"walleye pollock",180.12,1,180.12
71,202301,"Vesteraalen",84,"P11",56.139925,-163.118252,21722,"Pacific cod (adult)",5.84,1,5.84
71,202301,"Vesteraalen",84,"P11",56.139925,-163.118252,10120,"Pacific halibut",0.44,1,0.44
71,202301,"Vesteraalen",84,"P11",56.139925,-163.118252,400,"skate unid.",7.68,1,7.68
71,202301,"Vesteraalen",84,"P11",56.139925,-163.118252,10285,"Alaska plaice",1.79,6.03384798099763,10.8005878859857
71,202301,"Vesteraalen",84,"P11",56.139925,-163.118252,10130,"flathead sole",7.88,6.03384798099763,47.5467220902613
71,202301,"Vesteraalen",84,"P11",56.139925,-163.118252,10210,"yellowfin sole",1.38,6.03384798099763,8.32671021377672
71,202301,"Vesteraalen",84,"P11",56.139925,-163.118252,10261,"northern rock sole",4.69,6.03384798099763,28.2987470308789
71,202301,"Vesteraalen",84,"P11",56.139925,-163.118252,10270,"butter sole",1.1,6.03384798099763,6.63723277909739
72,202301,"Vesteraalen",85,"P12",55.973808,-163.119833,21720,"Pacific cod",4.31,1,4.31
72,202301,"Vesteraalen",85,"P12",55.973808,-163.119833,21740,"walleye pollock",69.05,1,69.05
72,202301,"Vesteraalen",85,"P12",55.973808,-163.119833,10261,"northern rock sole",10.41,13.8940914158305,144.637491638796
72,202301,"Vesteraalen",85,"P12",55.973808,-163.119833,10285,"Alaska plaice",3.32,13.8940914158305,46.1283835005574
72,202301,"Vesteraalen",85,"P12",55.973808,-163.119833,10270,"butter sole",0.75,13.8940914158305,10.4205685618729
72,202301,"Vesteraalen",85,"P12",55.973808,-163.119833,10130,"flathead sole",3.46,13.8940914158305,48.0735562987737
72,202301,"Vesteraalen",85,"P12",55.973808,-163.119833,400,"skate unid.",9.24,1,9.24
73,202301,"Vesteraalen",86,"P13",55.807655,-163.121401,21740,"walleye pollock",36.28,1,36.28
73,202301,"Vesteraalen",86,"P13",55.807655,-163.121401,21720,"Pacific cod",6.67,1,6.67
73,202301,"Vesteraalen",86,"P13",55.807655,-163.121401,21370,"great sculpin",4.69,1,4.69
73,202301,"Vesteraalen",86,"P13",55.807655,-163.121401,10200,"rex sole",0.53,8.06373056994819,4.27377720207254
73,202301,"Vesteraalen",86,"P13",55.807655,-163.121401,10110,"arrowtooth flounder",1.67,8.06373056994819,13.4664300518135
73,202301,"Vesteraalen",86,"P13",55.807655,-163.121401,10261,"northern rock sole",11.4,8.06373056994819,91.9265284974093
73,202301,"Vesteraalen",86,"P13",55.807655,-163.121401,10130,"flathead sole",3.64,8.06373056994819,29.3519792746114
73,202301,"Vesteraalen",86,"P13",55.807655,-163.121401,10270,"butter sole",2.06,8.06373056994819,16.6112849740933
73,202301,"Vesteraalen",86,"P13",55.807655,-163.121401,10120,"Pacific halibut",11.63,1,11.63
73,202301,"Vesteraalen",86,"P13",55.807655,-163.121401,400,"skate unid.",39.77,1,39.77
74,202301,"Vesteraalen",87,"P16",55.308974,-163.126021,10210,"yellowfin sole",0.01,1,0.01
74,202301,"Vesteraalen",87,"P16",55.308974,-163.126021,10130,"flathead sole",0.65,1,0.65
74,202301,"Vesteraalen",87,"P16",55.308974,-163.126021,10270,"butter sole",0.35,1,0.35
74,202301,"Vesteraalen",87,"P16",55.308974,-163.126021,10220,"starry flounder",0.42,1,0.42
74,202301,"Vesteraalen",87,"P16",55.308974,-163.126021,10261,"northern rock sole",1.56,1,1.56
74,202301,"Vesteraalen",87,"P16",55.308974,-163.126021,10285,"Alaska plaice",0.16,1,0.16
75,202301,"Vesteraalen",88,"Q15",55.473109,-162.684946,21370,"great sculpin",0.15,1,0.15
75,202301,"Vesteraalen",88,"Q15",55.473109,-162.684946,10261,"northern rock sole",2.79,1,2.79
75,202301,"Vesteraalen",88,"Q15",55.473109,-162.684946,10270,"butter sole",0.22,1,0.22
75,202301,"Vesteraalen",88,"Q15",55.473109,-162.684946,10210,"yellowfin sole",5,1,5
75,202301,"Vesteraalen",88,"Q15",55.473109,-162.684946,10285,"Alaska plaice",3.09,1,3.09
75,202301,"Vesteraalen",88,"Q15",55.473109,-162.684946,10220,"starry flounder",0.44,1,0.44
75,202301,"Vesteraalen",88,"Q15",55.473109,-162.684946,21710,"Pacific tomcod",0.01,1,0.01
76,202301,"Vesteraalen",89,"P14",55.641466,-163.122955,78010,"octopus unid.",3.24,1,3.24
76,202301,"Vesteraalen",89,"P14",55.641466,-163.122955,21370,"great sculpin",1.34,1,1.34
76,202301,"Vesteraalen",89,"P14",55.641466,-163.122955,21720,"Pacific cod",1,1,1
76,202301,"Vesteraalen",89,"P14",55.641466,-163.122955,10120,"Pacific halibut",1.36,1,1.36
76,202301,"Vesteraalen",89,"P14",55.641466,-163.122955,21740,"walleye pollock",10.5,1,10.5
76,202301,"Vesteraalen",89,"P14",55.641466,-163.122955,10261,"northern rock sole",3.14,38.5154494382022,120.938511235955
76,202301,"Vesteraalen",89,"P14",55.641466,-163.122955,10210,"yellowfin sole",1.28,38.5154494382022,49.2997752808989
76,202301,"Vesteraalen",89,"P14",55.641466,-163.122955,10270,"butter sole",2.62,38.5154494382022,100.91047752809
76,202301,"Vesteraalen",89,"P14",55.641466,-163.122955,10110,"arrowtooth flounder",0.08,38.5154494382022,3.08123595505618
76,202301,"Vesteraalen",89,"P14",55.641466,-163.122955,21710,"Pacific tomcod",0.06,1,0.06
77,202301,"Vesteraalen",90,"O17",55.143145,-163.563268,10261,"northern rock sole",48.99,1,48.99
77,202301,"Vesteraalen",90,"O17",55.143145,-163.563268,10220,"starry flounder",23.81,1,23.81
77,202301,"Vesteraalen",90,"O17",55.143145,-163.563268,10270,"butter sole",6.25,1,6.25
77,202301,"Vesteraalen",90,"O17",55.143145,-163.563268,10285,"Alaska plaice",0.27,1,0.27
77,202301,"Vesteraalen",90,"O17",55.143145,-163.563268,10200,"rex sole",0.64,1,0.64
77,202301,"Vesteraalen",90,"O17",55.143145,-163.563268,400,"skate unid.",5.89,1,5.89
77,202301,"Vesteraalen",90,"O17",55.143145,-163.563268,21710,"Pacific tomcod",0.01,1,0.01
78,202301,"Vesteraalen",91,"O16",55.309451,-163.563669,21370,"great sculpin",5.86,1,5.86
78,202301,"Vesteraalen",91,"O16",55.309451,-163.563669,21720,"Pacific cod",14.74,1,14.74
78,202301,"Vesteraalen",91,"O16",55.309451,-163.563669,10261,"northern rock sole",63.08,1,63.08
78,202301,"Vesteraalen",91,"O16",55.309451,-163.563669,10270,"butter sole",1.15,1,1.15
78,202301,"Vesteraalen",91,"O16",55.309451,-163.563669,10220,"starry flounder",1.42,1,1.42
78,202301,"Vesteraalen",91,"O16",55.309451,-163.563669,10210,"yellowfin sole",0.94,1,0.94
78,202301,"Vesteraalen",91,"O16",55.309451,-163.563669,21740,"walleye pollock",24.19,1,24.19
78,202301,"Vesteraalen",91,"O16",55.309451,-163.563669,10120,"Pacific halibut",0.24,1,0.24
79,202301,"Vesteraalen",92,"O15",55.475718,-163.564074,21720,"Pacific cod",4.01,1,4.01
79,202301,"Vesteraalen",92,"O15",55.475718,-163.564074,21740,"walleye pollock",41.54,1,41.54
79,202301,"Vesteraalen",92,"O15",55.475718,-163.564074,21370,"great sculpin",1.09,1,1.09
79,202301,"Vesteraalen",92,"O15",55.475718,-163.564074,400,"skate unid.",7.65,1,7.65
79,202301,"Vesteraalen",92,"O15",55.475718,-163.564074,21710,"Pacific tomcod",0.15,1,0.15
79,202301,"Vesteraalen",92,"O15",55.475718,-163.564074,10270,"butter sole",13.84,8.73869346733668,120.94351758794
79,202301,"Vesteraalen",92,"O15",55.475718,-163.564074,10220,"starry flounder",3.02,8.73869346733668,26.3908542713568
79,202301,"Vesteraalen",92,"O15",55.475718,-163.564074,10285,"Alaska plaice",0.54,8.73869346733668,4.71889447236181
79,202301,"Vesteraalen",92,"O15",55.475718,-163.564074,10261,"northern rock sole",4,8.73869346733668,34.9547738693467
79,202301,"Vesteraalen",92,"O15",55.475718,-163.564074,10210,"yellowfin sole",0.66,8.73869346733668,5.76753768844221
79,202301,"Vesteraalen",92,"O15",55.475718,-163.564074,10130,"flathead sole",1.82,8.73869346733668,15.9044221105528
80,202301,"Vesteraalen",93,"O14",55.641947,-163.564482,21720,"Pacific cod",29.48,1,29.48
80,202301,"Vesteraalen",93,"O14",55.641947,-163.564482,400,"skate unid.",47,1,47
80,202301,"Vesteraalen",93,"O14",55.641947,-163.564482,10120,"Pacific halibut",1.3,1,1.3
80,202301,"Vesteraalen",93,"O14",55.641947,-163.564482,21740,"walleye pollock",30.76,1,30.76
80,202301,"Vesteraalen",93,"O14",55.641947,-163.564482,10270,"butter sole",7.09,5.30912951167728,37.6417282377919
80,202301,"Vesteraalen",93,"O14",55.641947,-163.564482,10261,"northern rock sole",10.6,5.30912951167728,56.2767728237792
80,202301,"Vesteraalen",93,"O14",55.641947,-163.564482,10110,"arrowtooth flounder",1.95,5.30912951167728,10.3528025477707
80,202301,"Vesteraalen",93,"O14",55.641947,-163.564482,10130,"flathead sole",3.91,5.30912951167728,20.7586963906582
81,202301,"Vesteraalen",94,"O13",55.808139,-163.564894,21720,"Pacific cod",18.62,1,18.62
81,202301,"Vesteraalen",94,"O13",55.808139,-163.564894,21740,"walleye pollock",126.86,1,126.86
81,202301,"Vesteraalen",94,"O13",55.808139,-163.564894,10261,"northern rock sole",12,6.58406690140845,79.0088028169014
81,202301,"Vesteraalen",94,"O13",55.808139,-163.564894,10130,"flathead sole",4.27,6.58406690140845,28.1139656690141
81,202301,"Vesteraalen",94,"O13",55.808139,-163.564894,10270,"butter sole",5.65,6.58406690140845,37.1999779929577
81,202301,"Vesteraalen",94,"O13",55.808139,-163.564894,10210,"yellowfin sole",0.8,6.58406690140845,5.26725352112676
81,202301,"Vesteraalen",94,"O13",55.808139,-163.564894,10120,"Pacific halibut",2.76,1,2.76
81,202301,"Vesteraalen",94,"O13",55.808139,-163.564894,400,"skate unid.",69.09,1,69.09
82,202301,"Vesteraalen",95,"O12",55.974294,-163.56531,21720,"Pacific cod",23.98,1,23.98
82,202301,"Vesteraalen",95,"O12",55.974294,-163.56531,10110,"arrowtooth flounder",2.08,1,2.08
82,202301,"Vesteraalen",95,"O12",55.974294,-163.56531,21740,"walleye pollock",60.46,1,60.46
82,202301,"Vesteraalen",95,"O12",55.974294,-163.56531,10120,"Pacific halibut",2.41,1,2.41
82,202301,"Vesteraalen",95,"O12",55.974294,-163.56531,10261,"northern rock sole",70.63,1,70.63
82,202301,"Vesteraalen",95,"O12",55.974294,-163.56531,10130,"flathead sole",22.71,1,22.71
82,202301,"Vesteraalen",95,"O12",55.974294,-163.56531,10285,"Alaska plaice",1.67,1,1.67
82,202301,"Vesteraalen",95,"O12",55.974294,-163.56531,400,"skate unid.",28.48,1,28.48
83,202301,"Vesteraalen",96,"O11",56.140413,-163.565729,21720,"Pacific cod",10.37,1,10.37
83,202301,"Vesteraalen",96,"O11",56.140413,-163.565729,21740,"walleye pollock",64.97,1,64.97
83,202301,"Vesteraalen",96,"O11",56.140413,-163.565729,10120,"Pacific halibut",4.08,1,4.08
83,202301,"Vesteraalen",96,"O11",56.140413,-163.565729,10261,"northern rock sole",11.23,7.61348430262481,85.4994287184766
83,202301,"Vesteraalen",96,"O11",56.140413,-163.565729,10130,"flathead sole",4.92,7.61348430262481,37.4583427689141
83,202301,"Vesteraalen",96,"O11",56.140413,-163.565729,10270,"butter sole",3.28,7.61348430262481,24.9722285126094
84,202301,"Vesteraalen",97,"O10",56.306498,-163.566152,21740,"walleye pollock",151.96,1,151.96
84,202301,"Vesteraalen",97,"O10",56.306498,-163.566152,400,"skate unid.",42.99,1,42.99
84,202301,"Vesteraalen",97,"O10",56.306498,-163.566152,21720,"Pacific cod",14.41,1,14.41
84,202301,"Vesteraalen",97,"O10",56.306498,-163.566152,21110,"Pacific herring",0.05,1,0.05
84,202301,"Vesteraalen",97,"O10",56.306498,-163.566152,10261,"northern rock sole",4.11,4.07570977917981,16.751167192429
84,202301,"Vesteraalen",97,"O10",56.306498,-163.566152,10270,"butter sole",10.68,4.07570977917981,43.5285804416404
84,202301,"Vesteraalen",97,"O10",56.306498,-163.566152,10210,"yellowfin sole",0.93,4.07570977917981,3.79041009463722
84,202301,"Vesteraalen",97,"O10",56.306498,-163.566152,10130,"flathead sole",3.11,4.07570977917981,12.6754574132492
84,202301,"Vesteraalen",97,"O10",56.306498,-163.566152,10110,"arrowtooth flounder",0.19,4.07570977917981,0.774384858044164
85,202301,"Vesteraalen",98,"O9",56.47255,-163.566579,21720,"Pacific cod",76.86,1,76.86
85,202301,"Vesteraalen",98,"O9",56.47255,-163.566579,21740,"walleye pollock",208.98,1,208.98
85,202301,"Vesteraalen",98,"O9",56.47255,-163.566579,10261,"northern rock sole",10.88,5.84728773584906,63.6184905660377
85,202301,"Vesteraalen",98,"O9",56.47255,-163.566579,10210,"yellowfin sole",3.79,5.84728773584906,22.1612205188679
85,202301,"Vesteraalen",98,"O9",56.47255,-163.566579,10130,"flathead sole",2.29,5.84728773584906,13.3902889150943
85,202301,"Vesteraalen",98,"O9",56.47255,-163.566579,21370,"great sculpin",0.96,1,0.96
85,202301,"Vesteraalen",98,"O9",56.47255,-163.566579,400,"skate unid.",4.33,1,4.33
85,202301,"Vesteraalen",98,"O9",56.47255,-163.566579,10120,"Pacific halibut",1.42,1,1.42
86,202301,"Vesteraalen",99,"O8",56.638569,-163.56701,21720,"Pacific cod",13.74,1,13.74
86,202301,"Vesteraalen",99,"O8",56.638569,-163.56701,21371,"plain sculpin",4.56,1,4.56
86,202301,"Vesteraalen",99,"O8",56.638569,-163.56701,10210,"yellowfin sole",21,1,21
86,202301,"Vesteraalen",99,"O8",56.638569,-163.56701,10285,"Alaska plaice",12.82,1,12.82
86,202301,"Vesteraalen",99,"O8",56.638569,-163.56701,10261,"northern rock sole",10.45,1,10.45
86,202301,"Vesteraalen",99,"O8",56.638569,-163.56701,21740,"walleye pollock",60.73,1,60.73
86,202301,"Vesteraalen",99,"O8",56.638569,-163.56701,10130,"flathead sole",7.82,1,7.82
86,202301,"Vesteraalen",99,"O8",56.638569,-163.56701,400,"skate unid.",1.68,1,1.68
86,202301,"Vesteraalen",99,"O8",56.638569,-163.56701,21110,"Pacific herring",0.64,1,0.64
87,202301,"Vesteraalen",100,"O7",56.804557,-163.567445,21720,"Pacific cod",5.46,1,5.46
87,202301,"Vesteraalen",100,"O7",56.804557,-163.567445,21740,"walleye pollock",29.62,1,29.62
87,202301,"Vesteraalen",100,"O7",56.804557,-163.567445,10261,"northern rock sole",11.22,1,11.22
87,202301,"Vesteraalen",100,"O7",56.804557,-163.567445,10130,"flathead sole",0.86,1,0.86
87,202301,"Vesteraalen",100,"O7",56.804557,-163.567445,10210,"yellowfin sole",4.76,1,4.76
87,202301,"Vesteraalen",100,"O7",56.804557,-163.567445,10285,"Alaska plaice",1.3,1,1.3
87,202301,"Vesteraalen",100,"O7",56.804557,-163.567445,21371,"plain sculpin",1.34,1,1.34
87,202301,"Vesteraalen",100,"O7",56.804557,-163.567445,400,"skate unid.",0.52,1,0.52
88,202301,"Vesteraalen",101,"O6",56.970514,-163.567883,21740,"walleye pollock",12.34,1,12.34
88,202301,"Vesteraalen",101,"O6",56.970514,-163.567883,21371,"plain sculpin",2.7,1,2.7
88,202301,"Vesteraalen",101,"O6",56.970514,-163.567883,21720,"Pacific cod",4.13,1,4.13
88,202301,"Vesteraalen",101,"O6",56.970514,-163.567883,10261,"northern rock sole",15.54,1,15.54
88,202301,"Vesteraalen",101,"O6",56.970514,-163.567883,10210,"yellowfin sole",7.56,1,7.56
88,202301,"Vesteraalen",101,"O6",56.970514,-163.567883,10220,"starry flounder",0.82,1,0.82
89,202301,"Vesteraalen",102,"O5",57.136443,-163.568326,21371,"plain sculpin",4.67,1,4.67
89,202301,"Vesteraalen",102,"O5",57.136443,-163.568326,21370,"great sculpin",2.85,1,2.85
89,202301,"Vesteraalen",102,"O5",57.136443,-163.568326,21720,"Pacific cod",5.12,1,5.12
89,202301,"Vesteraalen",102,"O5",57.136443,-163.568326,10285,"Alaska plaice",9.05,1,9.05
89,202301,"Vesteraalen",102,"O5",57.136443,-163.568326,21740,"walleye pollock",5.93,1,5.93
89,202301,"Vesteraalen",102,"O5",57.136443,-163.568326,10261,"northern rock sole",20.32,1,20.32
89,202301,"Vesteraalen",102,"O5",57.136443,-163.568326,10210,"yellowfin sole",18.34,1,18.34
89,202301,"Vesteraalen",102,"O5",57.136443,-163.568326,10220,"starry flounder",2.47,1,2.47
90,202301,"Vesteraalen",103,"O4",57.302343,-163.568773,21371,"plain sculpin",15.16,1,15.16
90,202301,"Vesteraalen",103,"O4",57.302343,-163.568773,21720,"Pacific cod",4.81,1,4.81
90,202301,"Vesteraalen",103,"O4",57.302343,-163.568773,21740,"walleye pollock",3.79,1,3.79
90,202301,"Vesteraalen",103,"O4",57.302343,-163.568773,10220,"starry flounder",5.63,4.67300789662599,26.3090344580043
90,202301,"Vesteraalen",103,"O4",57.302343,-163.568773,10210,"yellowfin sole",3.26,4.67300789662599,15.2340057430007
90,202301,"Vesteraalen",103,"O4",57.302343,-163.568773,10285,"Alaska plaice",10.45,4.67300789662599,48.8329325197416
90,202301,"Vesteraalen",103,"O4",57.302343,-163.568773,10261,"northern rock sole",8.52,4.67300789662599,39.8140272792534
90,202301,"Vesteraalen",103,"O4",57.302343,-163.568773,69320,"Hanasaki king crab, Male, All Sizes",2.41,1,2.41
91,202301,"Vesteraalen",104,"O3",57.468216,-163.569224,21371,"plain sculpin",11.21,1,11.21
91,202301,"Vesteraalen",104,"O3",57.468216,-163.569224,10220,"starry flounder",11.06,1,11.06
91,202301,"Vesteraalen",104,"O3",57.468216,-163.569224,10210,"yellowfin sole",14.08,1,14.08
91,202301,"Vesteraalen",104,"O3",57.468216,-163.569224,21720,"Pacific cod",0.31,1,0.31
91,202301,"Vesteraalen",104,"O3",57.468216,-163.569224,10261,"northern rock sole",11.19,1,11.19
91,202301,"Vesteraalen",104,"O3",57.468216,-163.569224,10285,"Alaska plaice",61.39,1,61.39
91,202301,"Vesteraalen",104,"O3",57.468216,-163.569224,10120,"Pacific halibut",0.52,1,0.52
92,202301,"Vesteraalen",105,"O2",57.634064,-163.569679,10210,"yellowfin sole",1.74,1,1.74
92,202301,"Vesteraalen",105,"O2",57.634064,-163.569679,21371,"plain sculpin",37.04,1,37.04
92,202301,"Vesteraalen",105,"O2",57.634064,-163.569679,10220,"starry flounder",7.07,1,7.07
92,202301,"Vesteraalen",105,"O2",57.634064,-163.569679,10285,"Alaska plaice",9.09,1,9.09
92,202301,"Vesteraalen",105,"O2",57.634064,-163.569679,21720,"Pacific cod",0.27,1,0.27
92,202301,"Vesteraalen",105,"O2",57.634064,-163.569679,10261,"northern rock sole",2.84,1,2.84
92,202301,"Vesteraalen",105,"O2",57.634064,-163.569679,21740,"walleye pollock",0.04,1,0.04
93,202301,"Vesteraalen",106,"P5",57.135942,-163.108454,21371,"plain sculpin",12.93,1,12.93
93,202301,"Vesteraalen",106,"P5",57.135942,-163.108454,10210,"yellowfin sole",6.86,5.24214711729622,35.9611292246521
93,202301,"Vesteraalen",106,"P5",57.135942,-163.108454,10285,"Alaska plaice",8.61,5.24214711729622,45.1348866799205
93,202301,"Vesteraalen",106,"P5",57.135942,-163.108454,10261,"northern rock sole",7.78,5.24214711729622,40.7839045725646
93,202301,"Vesteraalen",106,"P5",57.135942,-163.108454,10220,"starry flounder",1.9,5.24214711729622,9.96007952286282
93,202301,"Vesteraalen",106,"P5",57.135942,-163.108454,21740,"walleye pollock",1.27,1,1.27
94,202301,"Vesteraalen",107,"P4",57.30184,-163.106768,21740,"walleye pollock",4.74,1,4.74
94,202301,"Vesteraalen",107,"P4",57.30184,-163.106768,21371,"plain sculpin",12.13,1,12.13
94,202301,"Vesteraalen",107,"P4",57.30184,-163.106768,21370,"great sculpin",1.21,1,1.21
94,202301,"Vesteraalen",107,"P4",57.30184,-163.106768,21720,"Pacific cod",0.14,1,0.14
94,202301,"Vesteraalen",107,"P4",57.30184,-163.106768,10285,"Alaska plaice",6.05,3.61113385182153,21.8473598035203
94,202301,"Vesteraalen",107,"P4",57.30184,-163.106768,10220,"starry flounder",4.24,3.61113385182153,15.3112075317233
94,202301,"Vesteraalen",107,"P4",57.30184,-163.106768,10261,"northern rock sole",4.71,3.61113385182153,17.0084404420794
94,202301,"Vesteraalen",107,"P4",57.30184,-163.106768,10210,"yellowfin sole",9.43,3.61113385182153,34.052992222677
95,202301,"Vesteraalen",108,"P3",57.467711,-163.105067,21371,"plain sculpin",11.39,1,11.39
95,202301,"Vesteraalen",108,"P3",57.467711,-163.105067,21720,"Pacific cod",0.33,1,0.33
95,202301,"Vesteraalen",108,"P3",57.467711,-163.105067,10220,"starry flounder",9.53,1,9.53
95,202301,"Vesteraalen",108,"P3",57.467711,-163.105067,10285,"Alaska plaice",9.64,1,9.64
95,202301,"Vesteraalen",108,"P3",57.467711,-163.105067,10210,"yellowfin sole",3.33,1,3.33
95,202301,"Vesteraalen",108,"P3",57.467711,-163.105067,10261,"northern rock sole",16.36,1,16.36
95,202301,"Vesteraalen",108,"P3",57.467711,-163.105067,21740,"walleye pollock",0.06,1,0.06
96,202301,"Vesteraalen",109,"P2",57.633556,-163.103349,21371,"plain sculpin",6.23,1,6.23
96,202301,"Vesteraalen",109,"P2",57.633556,-163.103349,10261,"northern rock sole",3.16,1,3.16
96,202301,"Vesteraalen",109,"P2",57.633556,-163.103349,10220,"starry flounder",0.88,1,0.88
96,202301,"Vesteraalen",109,"P2",57.633556,-163.103349,10285,"Alaska plaice",1.8,1,1.8
96,202301,"Vesteraalen",109,"P2",57.633556,-163.103349,10210,"yellowfin sole",1.01,1,1.01
96,202301,"Vesteraalen",109,"P2",57.633556,-163.103349,21720,"Pacific cod",0.02,1,0.02
96,202301,"Vesteraalen",109,"P2",57.633556,-163.103349,21740,"walleye pollock",0.1,1,0.1
97,202301,"Vesteraalen",110,"P1",57.799376,-163.101616,21371,"plain sculpin",2.63,1,2.63
97,202301,"Vesteraalen",110,"P1",57.799376,-163.101616,10261,"northern rock sole",2.95,1,2.95
97,202301,"Vesteraalen",110,"P1",57.799376,-163.101616,21720,"Pacific cod",0.16,1,0.16
97,202301,"Vesteraalen",110,"P1",57.799376,-163.101616,10210,"yellowfin sole",0.83,1,0.83
97,202301,"Vesteraalen",110,"P1",57.799376,-163.101616,10220,"starry flounder",2.92,1,2.92
97,202301,"Vesteraalen",110,"P1",57.799376,-163.101616,10285,"Alaska plaice",1.07,1,1.07
97,202301,"Vesteraalen",110,"P1",57.799376,-163.101616,21740,"walleye pollock",0.26,1,0.26
98,202301,"Vesteraalen",111,"O1",57.799886,-163.570139,21371,"plain sculpin",1.08,1,1.08
98,202301,"Vesteraalen",111,"O1",57.799886,-163.570139,21720,"Pacific cod",0.07,1,0.07
98,202301,"Vesteraalen",111,"O1",57.799886,-163.570139,10220,"starry flounder",0.77,1,0.77
98,202301,"Vesteraalen",111,"O1",57.799886,-163.570139,10261,"northern rock sole",1.7,1,1.7
98,202301,"Vesteraalen",111,"O1",57.799886,-163.570139,10210,"yellowfin sole",2.32,1,2.32
98,202301,"Vesteraalen",111,"O1",57.799886,-163.570139,10285,"Alaska plaice",1.02,1,1.02
99,202301,"Vesteraalen",112,"N1",57.794907,-164.038592,21371,"plain sculpin",2.27,1,2.27
99,202301,"Vesteraalen",112,"N1",57.794907,-164.038592,10261,"northern rock sole",2.43,1,2.43
99,202301,"Vesteraalen",112,"N1",57.794907,-164.038592,10210,"yellowfin sole",0.65,1,0.65
99,202301,"Vesteraalen",112,"N1",57.794907,-164.038592,10220,"starry flounder",1.35,1,1.35
99,202301,"Vesteraalen",112,"N1",57.794907,-164.038592,10285,"Alaska plaice",0.25,1,0.25
100,202301,"Vesteraalen",113,"N2",57.62909,-164.03594,10220,"starry flounder",5.49,1,5.49
100,202301,"Vesteraalen",113,"N2",57.62909,-164.03594,21371,"plain sculpin",8.9,1,8.9
100,202301,"Vesteraalen",113,"N2",57.62909,-164.03594,10285,"Alaska plaice",8.09,1,8.09
100,202301,"Vesteraalen",113,"N2",57.62909,-164.03594,10261,"northern rock sole",1.96,1,1.96
100,202301,"Vesteraalen",113,"N2",57.62909,-164.03594,10210,"yellowfin sole",0.9,1,0.9
101,202301,"Vesteraalen",114,"N3",57.463247,-164.033313,21371,"plain sculpin",13.21,1,13.21
101,202301,"Vesteraalen",114,"N3",57.463247,-164.033313,10285,"Alaska plaice",47.91,1,47.91
101,202301,"Vesteraalen",114,"N3",57.463247,-164.033313,10210,"yellowfin sole",15.1,1,15.1
101,202301,"Vesteraalen",114,"N3",57.463247,-164.033313,10261,"northern rock sole",9.13,1,9.13
101,202301,"Vesteraalen",114,"N3",57.463247,-164.033313,10220,"starry flounder",14.09,1,14.09
101,202301,"Vesteraalen",114,"N3",57.463247,-164.033313,21740,"walleye pollock",1.36,1,1.36
102,202301,"Vesteraalen",115,"N4",57.297379,-164.03071,21371,"plain sculpin",7.13,1,7.13
102,202301,"Vesteraalen",115,"N4",57.297379,-164.03071,10285,"Alaska plaice",32.28,1,32.28
102,202301,"Vesteraalen",115,"N4",57.297379,-164.03071,10261,"northern rock sole",17.88,1,17.88
102,202301,"Vesteraalen",115,"N4",57.297379,-164.03071,21740,"walleye pollock",8.67,1,8.67
102,202301,"Vesteraalen",115,"N4",57.297379,-164.03071,10220,"starry flounder",1.83,1,1.83
102,202301,"Vesteraalen",115,"N4",57.297379,-164.03071,10210,"yellowfin sole",11.42,1,11.42
103,202301,"Vesteraalen",116,"N5",57.131484,-164.028131,21740,"walleye pollock",39.37,1,39.37
103,202301,"Vesteraalen",116,"N5",57.131484,-164.028131,21371,"plain sculpin",5.12,1,5.12
103,202301,"Vesteraalen",116,"N5",57.131484,-164.028131,21720,"Pacific cod",0.38,1,0.38
103,202301,"Vesteraalen",116,"N5",57.131484,-164.028131,10285,"Alaska plaice",25.59,1,25.59
103,202301,"Vesteraalen",116,"N5",57.131484,-164.028131,10261,"northern rock sole",29.25,1,29.25
103,202301,"Vesteraalen",116,"N5",57.131484,-164.028131,10210,"yellowfin sole",30.77,1,30.77
103,202301,"Vesteraalen",116,"N5",57.131484,-164.028131,10220,"starry flounder",3.11,1,3.11
103,202301,"Vesteraalen",116,"N5",57.131484,-164.028131,10130,"flathead sole",1.05,1,1.05
104,202301,"Vesteraalen",117,"N6",56.96556,-164.025575,21720,"Pacific cod",9.07,1,9.07
104,202301,"Vesteraalen",117,"N6",56.96556,-164.025575,21371,"plain sculpin",1.67,1,1.67
104,202301,"Vesteraalen",117,"N6",56.96556,-164.025575,10261,"northern rock sole",4.87,6.25581395348837,30.4658139534884
104,202301,"Vesteraalen",117,"N6",56.96556,-164.025575,10210,"yellowfin sole",12.14,6.25581395348837,75.9455813953488
104,202301,"Vesteraalen",117,"N6",56.96556,-164.025575,10285,"Alaska plaice",2.34,6.25581395348837,14.6386046511628
104,202301,"Vesteraalen",117,"N6",56.96556,-164.025575,21740,"walleye pollock",44.75,1,44.75
105,202301,"Vesteraalen",118,"N7",56.799607,-164.023043,21720,"Pacific cod",6.37,1,6.37
105,202301,"Vesteraalen",118,"N7",56.799607,-164.023043,21371,"plain sculpin",3.45,1,3.45
105,202301,"Vesteraalen",118,"N7",56.799607,-164.023043,21740,"walleye pollock",78.52,1,78.52
105,202301,"Vesteraalen",118,"N7",56.799607,-164.023043,10210,"yellowfin sole",7.301,11.3204582837048,82.650665929329
105,202301,"Vesteraalen",118,"N7",56.799607,-164.023043,10261,"northern rock sole",8.99,11.3204582837048,101.770919970506
105,202301,"Vesteraalen",118,"N7",56.799607,-164.023043,400,"skate unid.",2.82,1,2.82
105,202301,"Vesteraalen",118,"N7",56.799607,-164.023043,10130,"flathead sole",1.34,11.3204582837048,15.1694141001645
106,202301,"Vesteraalen",119,"N8",56.633624,-164.020535,21720,"Pacific cod",16.72,1,16.72
106,202301,"Vesteraalen",119,"N8",56.633624,-164.020535,21371,"plain sculpin",4.58,1,4.58
106,202301,"Vesteraalen",119,"N8",56.633624,-164.020535,21740,"walleye pollock",62.59,1,62.59
106,202301,"Vesteraalen",119,"N8",56.633624,-164.020535,10130,"flathead sole",1.04,4.3347280334728,4.50811715481172
106,202301,"Vesteraalen",119,"N8",56.633624,-164.020535,10285,"Alaska plaice",1.03,4.3347280334728,4.46476987447699
106,202301,"Vesteraalen",119,"N8",56.633624,-164.020535,10210,"yellowfin sole",3.97,4.3347280334728,17.208870292887
106,202301,"Vesteraalen",119,"N8",56.633624,-164.020535,10261,"northern rock sole",8.3,4.3347280334728,35.9782426778243
106,202301,"Vesteraalen",119,"N8",56.633624,-164.020535,400,"skate unid.",15.02,1,15.02
107,202301,"Vesteraalen",120,"N9",56.467609,-164.018048,21720,"Pacific cod",89.79,1,89.79
107,202301,"Vesteraalen",120,"N9",56.467609,-164.018048,21740,"walleye pollock",110.33,1,110.33
107,202301,"Vesteraalen",120,"N9",56.467609,-164.018048,10261,"northern rock sole",15.65,1,15.65
107,202301,"Vesteraalen",120,"N9",56.467609,-164.018048,10210,"yellowfin sole",2.36,1,2.36
107,202301,"Vesteraalen",120,"N9",56.467609,-164.018048,10130,"flathead sole",9.42,1,9.42
107,202301,"Vesteraalen",120,"N9",56.467609,-164.018048,10285,"Alaska plaice",1.33,1,1.33
107,202301,"Vesteraalen",120,"N9",56.467609,-164.018048,400,"skate unid.",18.98,1,18.98
107,202301,"Vesteraalen",120,"N9",56.467609,-164.018048,21110,"Pacific herring",0.23,1,0.23
107,202301,"Vesteraalen",120,"N9",56.467609,-164.018048,10110,"arrowtooth flounder",0.1,1,0.1
107,202301,"Vesteraalen",120,"N9",56.467609,-164.018048,10120,"Pacific halibut",0.61,1,0.61
108,202301,"Vesteraalen",121,"N10",56.301562,-164.015585,21720,"Pacific cod",36.28,1,36.28
108,202301,"Vesteraalen",121,"N10",56.301562,-164.015585,21740,"walleye pollock",70.22,1,70.22
108,202301,"Vesteraalen",121,"N10",56.301562,-164.015585,400,"skate unid.",24.31,1,24.31
108,202301,"Vesteraalen",121,"N10",56.301562,-164.015585,10130,"flathead sole",16.23,3.53759057971014,57.4150951086956
108,202301,"Vesteraalen",121,"N10",56.301562,-164.015585,10285,"Alaska plaice",1.16,3.53759057971014,4.10360507246377
108,202301,"Vesteraalen",121,"N10",56.301562,-164.015585,10261,"northern rock sole",4.21,3.53759057971014,14.8932563405797
108,202301,"Vesteraalen",121,"N10",56.301562,-164.015585,10120,"Pacific halibut",1.46,1,1.46
108,202301,"Vesteraalen",121,"N10",56.301562,-164.015585,10110,"arrowtooth flounder",0.48,3.53759057971014,1.69804347826087
109,202301,"Vesteraalen",122,"N11",56.135481,-164.013143,21720,"Pacific cod",54.46,1,54.46
109,202301,"Vesteraalen",122,"N11",56.135481,-164.013143,21740,"walleye pollock",72.07,1,72.07
109,202301,"Vesteraalen",122,"N11",56.135481,-164.013143,10261,"northern rock sole",40.84,1,40.84
109,202301,"Vesteraalen",122,"N11",56.135481,-164.013143,10130,"flathead sole",25.38,1,25.38
109,202301,"Vesteraalen",122,"N11",56.135481,-164.013143,10285,"Alaska plaice",0.69,1,0.69
109,202301,"Vesteraalen",122,"N11",56.135481,-164.013143,10210,"yellowfin sole",1.01,1,1.01
109,202301,"Vesteraalen",122,"N11",56.135481,-164.013143,10200,"rex sole",0.68,1,0.68
109,202301,"Vesteraalen",122,"N11",56.135481,-164.013143,400,"skate unid.",28.48,1,28.48
109,202301,"Vesteraalen",122,"N11",56.135481,-164.013143,10120,"Pacific halibut",2.62,1,2.62
109,202301,"Vesteraalen",122,"N11",56.135481,-164.013143,10110,"arrowtooth flounder",2.5,1,2.5
109,202301,"Vesteraalen",122,"N11",56.135481,-164.013143,21110,"Pacific herring",0.37,1,0.37
110,202301,"Vesteraalen",123,"N12",55.969366,-164.010723,21720,"Pacific cod",20.21,1,20.21
110,202301,"Vesteraalen",123,"N12",55.969366,-164.010723,21740,"walleye pollock",26.64,1,26.64
110,202301,"Vesteraalen",123,"N12",55.969366,-164.010723,10261,"northern rock sole",29.09,1,29.09
110,202301,"Vesteraalen",123,"N12",55.969366,-164.010723,10110,"arrowtooth flounder",1.19,1,1.19
110,202301,"Vesteraalen",123,"N12",55.969366,-164.010723,10210,"yellowfin sole",0.71,1,0.71
110,202301,"Vesteraalen",123,"N12",55.969366,-164.010723,400,"skate unid.",58.54,1,58.54
110,202301,"Vesteraalen",123,"N12",55.969366,-164.010723,10120,"Pacific halibut",4.06,1,4.06
110,202301,"Vesteraalen",123,"N12",55.969366,-164.010723,10200,"rex sole",0.6,1,0.6
111,202301,"Vesteraalen",124,"N13",55.803215,-164.008325,21740,"walleye pollock",474.94,1,474.94
111,202301,"Vesteraalen",124,"N13",55.803215,-164.008325,10130,"flathead sole",21.62,1,21.62
111,202301,"Vesteraalen",124,"N13",55.803215,-164.008325,21720,"Pacific cod",10.84,1,10.84
111,202301,"Vesteraalen",124,"N13",55.803215,-164.008325,400,"skate unid.",19.46,1,19.46
111,202301,"Vesteraalen",124,"N13",55.803215,-164.008325,10110,"arrowtooth flounder",12.58,1,12.58
111,202301,"Vesteraalen",124,"N13",55.803215,-164.008325,10120,"Pacific halibut",15.02,1,15.02
111,202301,"Vesteraalen",124,"N13",55.803215,-164.008325,10261,"northern rock sole",6.41,1,6.41
112,202301,"Vesteraalen",125,"N14",55.637028,-164.005948,21720,"Pacific cod",40,1,40
112,202301,"Vesteraalen",125,"N14",55.637028,-164.005948,10120,"Pacific halibut",39.25,1,39.25
112,202301,"Vesteraalen",125,"N14",55.637028,-164.005948,21740,"walleye pollock",25.82,1,25.82
112,202301,"Vesteraalen",125,"N14",55.637028,-164.005948,10130,"flathead sole",95.12,1,95.12
112,202301,"Vesteraalen",125,"N14",55.637028,-164.005948,10110,"arrowtooth flounder",52.19,1,52.19
112,202301,"Vesteraalen",125,"N14",55.637028,-164.005948,10261,"northern rock sole",1.62,1,1.62
112,202301,"Vesteraalen",125,"N14",55.637028,-164.005948,400,"skate unid.",62.73,1,62.73
112,202301,"Vesteraalen",125,"N14",55.637028,-164.005948,10200,"rex sole",3.07,1,3.07
113,202301,"Vesteraalen",126,"N15",55.470803,-164.003592,78020,"Octopus sp.",8.34,1,8.34
113,202301,"Vesteraalen",126,"N15",55.470803,-164.003592,21720,"Pacific cod",26.74,1,26.74
113,202301,"Vesteraalen",126,"N15",55.470803,-164.003592,400,"skate unid.",59.44,1,59.44
113,202301,"Vesteraalen",126,"N15",55.470803,-164.003592,21740,"walleye pollock",101.74,1,101.74
113,202301,"Vesteraalen",126,"N15",55.470803,-164.003592,10120,"Pacific halibut",3.79,1,3.79
113,202301,"Vesteraalen",126,"N15",55.470803,-164.003592,10200,"rex sole",3.45,1,3.45
113,202301,"Vesteraalen",126,"N15",55.470803,-164.003592,10110,"arrowtooth flounder",13.5,1,13.5
113,202301,"Vesteraalen",126,"N15",55.470803,-164.003592,10130,"flathead sole",26.58,1,26.58
113,202301,"Vesteraalen",126,"N15",55.470803,-164.003592,10261,"northern rock sole",1.4,1,1.4
114,202301,"Vesteraalen",127,"N16",55.30454,-164.001257,21720,"Pacific cod",16.11,1,16.11
114,202301,"Vesteraalen",127,"N16",55.30454,-164.001257,21740,"walleye pollock",64.43,1,64.43
114,202301,"Vesteraalen",127,"N16",55.30454,-164.001257,10261,"northern rock sole",5.18,8.56367746797287,44.3598492840995
114,202301,"Vesteraalen",127,"N16",55.30454,-164.001257,10270,"butter sole",7.08,8.56367746797287,60.6308364732479
114,202301,"Vesteraalen",127,"N16",55.30454,-164.001257,10130,"flathead sole",1.01,8.56367746797287,8.6493142426526
114,202301,"Vesteraalen",127,"N16",55.30454,-164.001257,10120,"Pacific halibut",0.58,1,0.58
114,202301,"Vesteraalen",127,"N16",55.30454,-164.001257,400,"skate unid.",7.62,1,7.62
114,202301,"Vesteraalen",127,"N16",55.30454,-164.001257,69320,"Hanasaki king crab, Male, All Sizes",0.55,1,0.55
115,202301,"Vesteraalen",128,"N17",55.138237,-163.998942,21720,"Pacific cod",28.48,1,28.48
115,202301,"Vesteraalen",128,"N17",55.138237,-163.998942,10270,"butter sole",14.36,1,14.36
115,202301,"Vesteraalen",128,"N17",55.138237,-163.998942,10261,"northern rock sole",62.06,1,62.06
115,202301,"Vesteraalen",128,"N17",55.138237,-163.998942,21740,"walleye pollock",7.41,1,7.41
