"VESSEL","SPN","LAT_DD","LON_DD","POT_ID","DATE_HAUL","MaleTanner","FemaleTanner","MaleSnow","FemaleSnow","MaleHybrid","FemaleHybrid","Tanner","Snow","Hybrid","HairCrab","PacificCod","Halibut","GreatSculpin","YellowfinSole","Pollock","StarryFlounder","Other"
"Seabrooke",1,55.0928333333333,-163.780666666667,"B83","3/18/2024",0,0,0,0,0,0,0,0,0,0,1,0,0,0,0,0,""
"Seabrooke",2,55.1258333333333,-163.781,"B82","3/18/2024",0,0,0,0,0,0,0,0,0,0,0,0,0,0,0,0,"Empty pot"
"Seabrooke",3,55.1593333333333,-163.781333333333,"B81","3/18/2024",0,0,0,0,0,0,0,0,0,0,5,0,0,1,0,0,""
"Seabrooke",4,55.1926666666667,-163.7815,"B80","3/18/2024",0,0,0,0,0,0,0,0,0,0,8,0,0,2,0,0,""
"Seabrooke",5,55.2256666666667,-163.781833333333,"B79","3/18/2024",0,0,0,0,0,0,0,0,0,0,6,0,0,0,0,0,""
"Seabrooke",6,55.2588333333333,-163.782,"B78","3/18/2024",0,0,0,0,0,0,0,0,0,0,10,0,0,4,0,0,""
"Seabrooke",7,55.2906666666667,-163.781833333333,"B77","3/18/2024",0,0,0,0,0,0,0,0,0,0,9,0,0,0,0,0,"sea star"
"Seabrooke",8,55.3251666666667,-163.782666666667,"B76","3/18/2024",0,0,0,0,0,0,0,0,0,0,11,0,0,0,0,0,""
"Seabrooke",9,55.3586666666667,-163.783,"B75","3/18/2024",0,0,0,0,0,0,0,0,0,0,7,0,0,0,0,0,""
"Seabrooke",10,55.3918333333333,-163.782833333333,"B74","3/18/2024",0,0,0,0,0,0,0,0,0,0,6,0,0,0,0,0,"sea star"
"Seabrooke",11,55.4253333333333,-163.783333333333,"B73","3/18/2024",0,0,0,0,0,0,0,0,0,0,7,0,0,0,0,0,""
"Seabrooke",12,55.4583333333333,-163.783833333333,"B72","3/18/2024",2,0,0,0,0,0,2,0,0,0,5,0,0,0,0,0,""
"Seabrooke",13,55.4916666666667,-163.784,"B71","3/18/2024",3,0,0,0,0,0,3,0,0,0,5,0,0,6,0,0,"sea star"
"Seabrooke",14,55.5248333333333,-163.784166666667,"B70","3/18/2024",2,0,0,0,0,0,2,0,0,0,3,0,0,0,0,0,""
"Seabrooke",15,55.5578333333333,-163.7845,"B69","3/18/2024",0,0,1,0,0,0,0,1,0,0,3,0,0,3,0,0,""
"Seabrooke",16,55.5913333333333,-163.784833333333,"B68","3/18/2024",1,0,0,0,0,0,1,0,0,0,4,0,0,4,0,0,""
"Seabrooke",17,55.625,-163.785166666667,"B67","3/18/2024",1,0,0,0,0,0,1,0,0,0,8,0,0,7,0,0,""
"Seabrooke",18,55.6578333333333,-163.785333333333,"B66","3/18/2024",7,0,0,0,0,0,7,0,0,0,4,0,0,3,0,0,""
"Seabrooke",19,55.6911666666667,-163.7855,"B65","3/18/2024",27,0,0,0,0,0,27,0,0,0,2,0,0,1,0,0,"pot moved by trawl"
"Seabrooke",20,55.7243333333333,-163.785833333333,"B64","3/18/2024",7,0,0,0,0,0,7,0,0,0,1,0,0,0,0,0,""
"Seabrooke",21,55.7576666666667,-163.786333333333,"B63","3/18/2024",8,0,0,0,0,0,8,0,0,0,4,0,0,1,0,0,""
"Seabrooke",22,55.7908333333333,-163.7865,"B62","3/18/2024",4,1,0,0,0,0,5,0,0,0,7,0,0,0,0,0,""
"Seabrooke",23,55.8243333333333,-163.786666666667,"B61","3/18/2024",14,0,0,0,0,0,14,0,0,0,5,0,0,0,0,0,""
"Seabrooke",24,55.8248333333333,-163.342833333333,"C61","3/19/2024",2,0,0,0,0,0,2,0,0,0,3,0,0,8,0,0,""
"Seabrooke",25,55.7916666666667,-163.343,"C62","3/19/2024",7,0,0,0,0,0,7,0,0,0,2,0,0,4,0,0,""
"Seabrooke",26,55.7573333333333,-163.343166666667,"C63","3/19/2024",2,0,0,0,0,0,2,0,0,0,3,0,0,4,0,0,""
"Seabrooke",27,55.725,-163.343333333333,"C64","3/19/2024",0,0,0,0,0,0,0,0,0,0,6,0,0,1,0,0,"Sea star"
"Seabrooke",28,55.6918333333333,-163.343333333333,"C65","3/19/2024",0,0,0,0,0,0,0,0,0,0,1,0,0,4,0,0,"1 GPO"
"Seabrooke",29,55.6586666666667,-163.3435,"C66","3/19/2024",0,0,0,0,0,0,0,0,0,0,4,1,0,0,0,0,""
"Seabrooke",30,55.6253333333333,-163.343833333333,"C67","3/19/2024",0,0,0,0,0,0,0,0,0,0,4,0,0,0,0,0,""
"Seabrooke",31,55.5921666666667,-163.343833333333,"C68","3/19/2024",0,0,0,0,0,0,0,0,0,0,4,0,0,1,1,0,""
"Seabrooke",32,55.5588333333333,-163.343833333333,"C69","3/19/2024",1,0,0,0,0,0,1,0,0,0,2,0,0,0,0,0,"1 GPO"
"Seabrooke",33,55.5256666666667,-163.344166666667,"C70","3/19/2024",0,0,0,0,0,0,0,0,0,0,5,0,0,1,0,0,""
"Seabrooke",34,55.4925,-163.344166666667,"C71","3/19/2024",4,0,0,0,0,0,4,0,0,0,5,0,1,0,0,0,""
"Seabrooke",35,55.4591666666667,-163.344333333333,"C72","3/19/2024",2,0,0,0,0,0,2,0,0,0,10,0,0,2,0,0,"Sea star"
"Seabrooke",36,55.4258333333333,-163.344333333333,"C73","3/19/2024",3,0,0,0,0,0,3,0,0,0,12,0,0,0,0,0,"Sea star"
"Seabrooke",37,55.3925,-163.3445,"C74","3/19/2024",3,0,0,0,0,0,3,0,0,0,5,0,0,0,0,0,"Sea star"
"Seabrooke",38,55.3595,-163.344666666667,"C75","3/19/2024",9,0,0,0,0,0,9,0,0,0,2,0,0,0,0,0,""
"Seabrooke",39,55.3261666666667,-163.344666666667,"C76","3/19/2024",3,0,0,0,0,0,3,0,0,0,0,0,0,0,0,0,"Sea star"
"Seabrooke",40,55.2926666666667,-163.344833333333,"C77","3/19/2024",16,0,0,0,0,0,16,0,0,0,1,0,0,0,0,0,"Sea star"
"Seabrooke",41,55.2593333333333,-163.345,"C78","3/19/2024",9,0,0,0,0,0,9,0,0,0,0,0,0,0,0,0,""
"Seabrooke",42,55.2261666666667,-163.345,"C79","3/19/2024",4,0,0,0,0,0,4,0,0,0,1,0,0,2,0,0,"Sea star"
"Seabrooke",43,55.1926666666667,-163.345166666667,"C80","3/19/2024",0,0,0,0,0,0,0,0,0,0,0,0,0,2,0,0,"Sea star"
"Seabrooke",44,55.1595,-163.345166666667,"C81","3/19/2024",0,0,0,0,0,0,0,0,0,0,0,0,0,0,0,0,"Empty pot"
"Seabrooke",45,55.4075,-162.9055,"D73","3/20/2024",0,0,0,0,0,0,0,0,0,0,0,0,0,0,0,0,"sea stars"
"Seabrooke",46,55.4576666666667,-162.904833333333,"D72","3/20/2024",0,0,0,0,0,0,0,0,0,0,2,0,0,0,0,0,"sea stars"
"Seabrooke",47,55.491,-162.9045,"D71","3/20/2024",8,0,0,0,0,0,8,0,0,0,2,0,1,0,0,0,"sea stars"
"Seabrooke",48,55.5243333333333,-162.904,"D70","3/20/2024",9,0,0,0,0,0,9,0,0,0,3,0,0,0,0,0,"sea stars"
"Seabrooke",49,55.5576666666667,-162.903333333333,"D69","3/20/2024",10,0,0,0,0,0,10,0,0,0,0,0,0,0,0,0,""
"Seabrooke",50,55.5905,-162.902833333333,"D68","3/20/2024",6,0,0,0,0,0,6,0,0,0,2,0,0,0,0,0,""
"Seabrooke",51,55.6236666666667,-162.9025,"D67","3/20/2024",21,0,0,0,0,0,21,0,0,0,6,0,0,0,0,0,""
"Seabrooke",52,55.6571666666667,-162.901833333333,"D66","3/20/2024",8,0,0,0,0,0,8,0,0,0,7,0,0,0,0,0,""
"Seabrooke",53,55.6903333333333,-162.9015,"D65","3/20/2024",5,0,0,0,0,0,5,0,0,0,3,0,1,0,0,0,""
"Seabrooke",54,55.7236666666667,-162.901,"D64","3/20/2024",3,0,1,0,0,0,3,1,0,0,9,0,0,0,0,0,""
"Seabrooke",55,55.7566666666667,-162.900333333333,"D63","3/20/2024",1,0,0,0,0,0,1,0,0,0,7,0,0,0,0,0,""
"Seabrooke",56,55.7898333333333,-162.899833333333,"D62","3/20/2024",0,0,0,0,0,0,0,0,0,0,9,0,0,1,0,0,""
"Seabrooke",57,55.8231666666667,-162.899333333333,"D61","3/20/2024",1,0,0,0,0,0,1,0,0,0,11,1,0,3,0,0,""
"Seabrooke",58,55.8565,-162.899,"D60","3/20/2024",0,0,0,0,0,0,0,0,0,0,2,0,0,5,0,0,""
"Seabrooke",59,55.8895,-162.8985,"D59","3/20/2024",2,0,0,0,0,0,2,0,0,0,5,0,0,11,0,0,""
"Seabrooke",60,55.9228333333333,-162.897833333333,"D58","3/20/2024",0,0,0,0,0,0,0,0,0,0,4,0,0,2,0,0,""
"Seabrooke",61,55.9563333333333,-162.8975,"D57","3/20/2024",1,0,0,0,0,0,1,0,0,0,8,0,0,2,0,0,""
"Seabrooke",62,55.9896666666667,-162.897,"D56","3/20/2024",0,0,0,0,0,0,0,0,0,0,5,0,0,3,0,0,""
"Seabrooke",63,56.3186666666667,-162.441666666667,"E46","3/21/2024",0,0,0,0,0,0,0,0,0,0,8,0,0,11,0,0,""
"Seabrooke",64,56.2856666666667,-162.442666666667,"E47","3/21/2024",0,0,0,0,0,0,0,0,0,0,8,0,0,2,0,0,""
"Seabrooke",65,56.2525,-162.4435,"E48","3/21/2024",0,0,0,0,0,0,0,0,0,0,8,0,0,1,0,0,""
"Seabrooke",66,56.2191666666667,-162.4445,"E49","3/21/2024",0,0,0,0,0,0,0,0,0,0,2,0,0,1,0,0,""
"Seabrooke",67,56.186,-162.4455,"E50","3/21/2024",1,0,0,0,0,0,1,0,0,0,6,0,0,1,0,0,""
"Seabrooke",68,56.1528333333333,-162.446333333333,"E51","3/21/2024",1,0,0,0,0,0,1,0,0,0,5,0,0,8,0,0,""
"Seabrooke",69,56.1195,-162.447333333333,"E52","3/21/2024",3,0,0,0,0,0,3,0,0,0,5,0,0,3,0,0,""
"Seabrooke",70,56.0863333333333,-162.448166666667,"E53","3/21/2024",0,0,0,0,0,0,0,0,0,0,14,0,0,5,0,0,""
"Seabrooke",71,56.053,-162.449166666667,"E54","3/21/2024",1,0,0,0,0,0,1,0,0,0,10,0,0,3,0,0,""
"Seabrooke",72,56.0198333333333,-162.45,"E55","3/21/2024",0,0,0,0,0,0,0,0,0,0,3,0,0,1,0,0,""
"Seabrooke",73,55.9866666666667,-162.451,"E56","3/21/2024",0,0,0,0,0,0,0,0,0,0,2,0,0,2,0,0,""
"Seabrooke",74,55.9533333333333,-162.451833333333,"E57","3/21/2024",0,0,0,0,0,0,0,0,0,0,2,0,0,0,0,0,""
"Seabrooke",75,55.9201666666667,-162.452833333333,"E58","3/21/2024",0,0,0,0,0,0,0,0,0,0,2,0,0,0,0,0,""
"Seabrooke",76,55.8868333333333,-162.453833333333,"E59","3/21/2024",0,0,0,0,0,0,0,0,0,0,0,0,0,0,0,0,""
"Seabrooke",77,55.853,-162.454833333333,"E60","3/21/2024",0,0,0,0,0,0,0,0,0,0,2,0,0,0,0,0,""
"Seabrooke",78,55.8193333333333,-162.455666666667,"E61","3/21/2024",0,0,0,0,0,0,0,0,0,0,4,0,0,0,0,0,""
"Seabrooke",79,55.7873333333333,-162.4565,"E62","3/21/2024",0,0,0,0,0,0,0,0,0,0,5,0,1,5,0,0,""
"Seabrooke",80,55.754,-162.4575,"E63","3/21/2024",0,0,0,0,0,0,0,0,0,0,2,0,2,3,0,0,""
"Seabrooke",81,55.7208333333333,-162.458333333333,"E64","3/21/2024",0,0,0,0,0,0,0,0,0,0,5,0,0,2,0,0,""
"Seabrooke",82,55.6875,-162.459166666667,"E65","3/21/2024",0,0,0,0,0,0,0,0,0,0,0,0,4,0,0,0,""
"Seabrooke",83,55.6543333333333,-162.460166666667,"E66","3/21/2024",0,0,0,0,0,0,0,0,0,0,0,0,0,0,0,0,"empty pot"
"Seabrooke",84,55.6211666666667,-162.461,"E67","3/21/2024",0,0,0,0,0,0,0,0,0,0,0,0,1,0,0,0,""
"Seabrooke",85,55.8491666666667,-162.010833333333,"F60","3/22/2024",0,0,0,0,0,0,0,0,0,0,0,0,0,0,0,0,"empty pot"
"Seabrooke",86,55.8821666666667,-162.0095,"F59","3/22/2024",0,0,0,0,0,0,0,0,0,0,0,0,0,0,0,0,"empty pot"
"Seabrooke",87,55.9151666666667,-162.008333333333,"F58","3/22/2024",0,0,0,0,0,0,0,0,0,0,2,0,0,0,0,0,""
"Seabrooke",88,55.9485,-162.007,"F57","3/22/2024",0,0,0,0,0,0,0,0,0,0,3,0,0,0,0,0,""
"Seabrooke",89,55.9816666666667,-162.0055,"F56","3/22/2024",0,0,0,0,0,0,0,0,0,0,4,0,1,0,0,0,""
"Seabrooke",90,56.0151666666667,-162.004333333333,"F55","3/22/2024",0,0,0,0,0,0,0,0,0,0,6,0,0,1,0,0,""
"Seabrooke",91,56.048,-162.003,"F54","3/22/2024",0,0,0,0,0,0,0,0,0,0,3,0,0,1,0,0,""
"Seabrooke",92,56.0813333333333,-162.001666666667,"F53","3/22/2024",1,0,0,0,0,0,1,0,0,0,8,0,0,10,0,0,""
"Seabrooke",93,56.1146666666667,-162.000333333333,"F52","3/22/2024",0,0,0,0,0,0,0,0,0,0,10,0,0,1,0,0,""
"Seabrooke",94,56.1485,-161.999,"F51","3/22/2024",1,0,0,0,0,0,1,0,0,0,2,0,0,1,0,0,""
"Seabrooke",95,56.181,-161.997666666667,"F50","3/22/2024",0,0,0,0,0,0,0,0,0,0,9,0,0,0,0,0,"1xAlaska skate"
"Seabrooke",96,56.2141666666667,-161.996333333333,"F49","3/22/2024",0,0,0,0,0,0,0,0,0,0,11,0,0,3,0,0,""
"Seabrooke",97,56.2475,-161.995,"F48","3/22/2024",2,0,0,0,0,0,2,0,0,0,3,1,0,0,0,0,"jellyfish"
"Seabrooke",98,56.2806666666667,-161.993666666667,"F47","3/22/2024",2,0,0,0,0,0,2,0,0,0,5,0,0,1,0,0,""
"Seabrooke",99,56.3136666666667,-161.9925,"F46","3/22/2024",0,0,0,0,0,0,0,0,0,0,3,0,1,0,0,0,""
"Seabrooke",100,56.347,-161.991,"F45","3/22/2024",2,0,0,0,0,0,2,0,0,0,4,0,0,2,0,0,"3xAlaska skate"
"Seabrooke",101,56.3801666666667,-161.989833333333,"F44","3/22/2024",1,0,0,0,0,0,1,0,0,0,10,0,0,6,0,0,""
"Seabrooke",102,56.4133333333333,-161.988333333333,"F43","3/22/2024",1,0,0,0,0,0,1,0,0,0,8,0,0,3,0,0,"1xAlaska skate"
"Seabrooke",103,56.4466666666667,-161.987166666667,"F42","3/22/2024",0,0,0,0,0,0,0,0,0,0,13,0,0,2,0,0,""
"Seabrooke",104,56.4798333333333,-161.985833333333,"F41","3/22/2024",4,0,0,0,0,0,4,0,0,0,11,0,0,1,0,0,"1xAlaska skate"
"Seabrooke",105,57.144,-161.958,"F21","3/23/2024",0,0,0,0,0,0,0,0,0,0,0,0,0,0,0,0,"No bycatch"
"Seabrooke",106,57.1106666666667,-161.959666666667,"F22","3/23/2024",0,0,0,0,0,0,0,0,0,0,0,0,0,0,0,0,"No bycatch"
"Seabrooke",107,57.0775,-161.960833333333,"F23","3/23/2024",0,0,0,0,0,0,0,0,0,0,1,0,0,0,0,0,""
"Seabrooke",108,57.0443333333333,-161.962166666667,"F24","3/23/2024",1,0,0,0,0,0,1,0,0,0,1,0,0,0,1,0,""
"Seabrooke",109,57.011,-161.963333333333,"F25","3/23/2024",4,0,0,0,0,0,4,0,0,0,0,0,0,0,0,0,""
"Seabrooke",110,56.978,-161.965,"F26","3/23/2024",2,0,0,0,0,0,2,0,0,0,3,0,0,0,0,0,""
"Seabrooke",111,56.9448333333333,-161.9665,"F27","3/23/2024",1,0,0,0,0,0,1,0,0,0,7,0,1,2,0,0,""
"Seabrooke",112,56.9115,-161.967833333333,"F28","3/23/2024",1,0,0,0,0,0,1,0,0,0,9,0,0,2,0,0,""
"Seabrooke",113,56.8783333333333,-161.969166666667,"F29","3/23/2024",1,0,0,0,0,0,1,0,0,0,9,0,1,1,0,0,""
"Seabrooke",114,56.8451666666667,-161.9705,"F30","3/23/2024",0,0,0,0,0,0,0,0,0,1,3,0,0,0,0,0,""
"Seabrooke",115,56.8121666666667,-161.972,"F31","3/23/2024",1,0,0,0,0,0,1,0,0,0,1,0,0,0,0,0,""
"Seabrooke",116,56.7788333333333,-161.973333333333,"F32","3/23/2024",1,0,0,0,0,0,1,0,0,0,7,0,0,2,0,0,""
"Seabrooke",117,56.7456666666667,-161.974666666667,"F33","3/23/2024",0,0,0,0,0,0,0,0,0,0,4,0,1,2,0,0,""
"Seabrooke",118,56.7125,-161.976,"F34","3/23/2024",1,0,0,0,0,0,1,0,0,0,4,0,0,1,0,0,""
"Seabrooke",119,56.6793333333333,-161.977333333333,"F35","3/23/2024",0,0,0,0,0,0,0,0,0,0,3,0,1,2,0,0,""
"Seabrooke",120,56.646,-161.978833333333,"F36","3/23/2024",2,0,0,0,0,0,2,0,0,0,5,0,0,2,0,0,""
"Seabrooke",121,56.6128333333333,-161.980166666667,"F37","3/23/2024",1,0,0,0,0,0,1,0,0,0,5,0,0,3,0,0,""
"Seabrooke",122,56.5796666666667,-161.9815,"F38","3/23/2024",2,0,0,0,0,0,2,0,0,0,1,0,0,0,0,0,"1xwarty sculpin"
"Seabrooke",123,56.5465,-161.982833333333,"F39","3/23/2024",0,0,0,0,0,0,0,0,0,0,7,0,2,11,0,0,""
"Seabrooke",124,56.5131666666667,-161.984166666667,"F40","3/23/2024",1,0,0,0,0,0,1,0,0,0,6,0,0,13,0,0,""
"Seabrooke",125,56.3516666666667,-162.441333333333,"E45","3/24/2024",7,0,0,0,0,0,7,0,0,0,8,0,0,4,0,0,""
"Seabrooke",126,56.3848333333333,-162.440333333333,"E44","3/24/2024",1,0,0,0,0,0,1,0,0,0,7,0,0,12,0,0,""
"Seabrooke",127,56.418,-162.439333333333,"E43","3/24/2024",0,0,1,0,0,0,0,1,0,0,4,0,0,1,0,0,""
"Seabrooke",128,56.4513333333333,-162.438333333333,"E42","3/24/2024",2,0,0,0,0,0,2,0,0,0,4,0,1,0,0,0,""
"Seabrooke",129,56.4846666666667,-162.437333333333,"E41","3/24/2024",1,0,0,0,0,0,1,0,0,0,0,0,0,0,0,0,""
"Seabrooke",130,56.5185,-162.436333333333,"E40","3/24/2024",2,0,1,0,0,0,2,1,0,0,1,0,0,0,0,0,"1xAlaska skate"
"Seabrooke",131,56.5508333333333,-162.4355,"E39","3/24/2024",2,0,0,0,0,0,2,0,0,0,1,0,0,0,0,0,""
"Seabrooke",132,56.5853333333333,-162.434333333333,"E38","3/24/2024",2,0,0,0,0,0,2,0,0,0,4,0,0,1,0,0,""
"Seabrooke",133,56.6175,-162.433666666667,"E37","3/24/2024",3,0,0,0,0,0,3,0,0,0,5,0,0,1,0,0,""
"Seabrooke",134,56.6506666666667,-162.432666666667,"E36","3/24/2024",1,0,0,0,0,0,1,0,0,0,5,0,0,1,0,0,""
"Seabrooke",135,56.6836666666667,-162.431666666667,"E35","3/24/2024",1,0,0,0,0,0,1,0,0,0,2,0,0,3,0,0,""
"Seabrooke",136,56.7168333333333,-162.430666666667,"E34","3/24/2024",2,0,0,0,0,0,2,0,0,0,2,0,0,3,0,0,""
"Seabrooke",137,56.7501666666667,-162.429833333333,"E33","3/24/2024",4,0,0,0,0,0,4,0,0,0,6,0,0,8,0,0,""
"Seabrooke",138,56.7833333333333,-162.4285,"E32","3/24/2024",0,0,0,0,0,0,0,0,0,0,4,0,1,2,0,0,""
"Seabrooke",139,56.8165,-162.427833333333,"E31","3/24/2024",1,0,0,0,0,0,1,0,0,0,9,0,0,17,1,0,""
"Seabrooke",140,56.8496666666667,-162.426833333333,"E30","3/24/2024",0,0,0,0,0,0,0,0,0,0,7,0,1,11,0,0,""
"Seabrooke",141,56.8828333333333,-162.426,"E29","3/24/2024",1,0,0,0,0,0,1,0,0,0,7,0,0,11,0,0,""
"Seabrooke",142,56.916,-162.425,"E28","3/24/2024",0,1,0,0,0,0,1,0,0,0,4,0,0,7,0,0,""
"Seabrooke",143,56.9493333333333,-162.424,"E27","3/24/2024",0,0,0,0,0,0,0,0,0,0,6,0,1,18,1,0,""
"Seabrooke",144,56.9825,-162.423,"E26","3/24/2024",2,0,0,0,0,0,2,0,0,0,9,0,1,4,0,0,""
"Seabrooke",145,57.0165,-162.422,"E25","3/24/2024",0,0,0,0,0,0,0,0,0,0,8,0,2,30,2,0,""
"Seabrooke",146,57.0495,-162.420833333333,"E24","3/24/2024",0,0,0,0,0,0,0,0,0,0,2,0,1,18,0,0,""
"Seabrooke",147,57.082,-162.420166666667,"E23","3/24/2024",1,0,0,0,0,0,1,0,0,0,4,0,2,10,0,0,""
"Seabrooke",148,57.1151666666667,-162.419333333333,"E22","3/24/2024",0,0,0,0,0,0,0,0,0,0,1,0,2,1,0,0,"1xplain sculpin"
"Seabrooke",149,57.1493333333333,-162.418,"E21","3/24/2024",0,0,0,0,0,0,0,0,0,0,2,0,0,6,0,0,""
"Seabrooke",150,56.8201666666667,-162.884166666667,"D31","3/25/2024",0,0,0,0,0,0,0,0,0,0,6,0,0,2,1,0,""
"Seabrooke",151,56.7866666666667,-162.884,"D32","3/25/2024",1,0,0,0,0,0,1,0,0,0,7,0,1,4,0,0,""
"Seabrooke",152,56.7535,-162.8845,"D33","3/25/2024",0,0,0,0,0,0,0,0,0,0,5,0,0,1,0,0,""
"Seabrooke",153,56.7203333333333,-162.885166666667,"D34","3/25/2024",1,0,0,0,0,0,1,0,0,0,3,0,0,1,0,0,""
"Seabrooke",154,56.6871666666667,-162.885666666667,"D35","3/25/2024",2,0,0,0,0,0,2,0,0,0,7,0,0,4,0,0,""
"Seabrooke",155,56.654,-162.886166666667,"D36","3/25/2024",1,0,0,0,0,0,1,0,0,0,5,0,1,3,0,0,""
"Seabrooke",156,56.6206666666667,-162.886833333333,"D37","3/25/2024",0,0,0,0,0,0,0,0,0,0,7,0,0,1,0,0,""
"Seabrooke",157,56.5875,-162.887333333333,"D38","3/25/2024",1,0,0,0,0,0,1,0,0,0,2,0,0,4,0,0,""
"Seabrooke",158,56.5543333333333,-162.887666666667,"D39","3/25/2024",1,0,0,0,0,0,1,0,0,0,0,0,0,0,0,0,""
"Seabrooke",159,56.5211666666667,-162.888166666667,"D40","3/25/2024",2,0,0,0,0,0,2,0,0,0,0,0,0,2,0,0,""
"Seabrooke",160,56.4878333333333,-162.888833333333,"D41","3/25/2024",1,0,0,0,0,0,1,0,0,0,2,0,0,2,0,0,""
"Seabrooke",161,56.4548333333333,-162.889333333333,"D42","3/25/2024",2,0,0,0,0,0,2,0,0,0,1,0,0,0,0,0,""
"Seabrooke",162,56.4215,-162.889833333333,"D43","3/25/2024",0,1,0,0,0,0,1,0,0,0,1,0,0,0,0,0,""
"Seabrooke",163,56.3883333333333,-162.890333333333,"D44","3/25/2024",2,0,0,0,0,0,2,0,0,0,4,0,0,1,0,0,""
"Seabrooke",164,56.3551666666667,-162.890833333333,"D45","3/25/2024",0,0,0,0,0,0,0,0,0,0,2,0,0,8,0,0,""
"Seabrooke",165,56.3218333333333,-162.891333333333,"D46","3/25/2024",4,0,0,0,0,0,4,0,0,0,8,0,0,4,0,0,""
"Seabrooke",166,56.2886666666667,-162.891833333333,"D47","3/25/2024",0,0,0,0,0,0,0,0,0,0,6,0,1,1,0,0,""
"Seabrooke",167,56.2555,-162.8925,"D48","3/25/2024",8,0,0,0,0,0,8,0,0,0,8,0,0,3,0,0,""
"Seabrooke",168,56.2221666666667,-162.893,"D49","3/25/2024",1,0,0,0,0,0,1,0,0,0,8,0,0,14,0,0,""
"Seabrooke",169,56.189,-162.8935,"D50","3/25/2024",2,0,0,0,0,0,2,0,0,0,3,0,0,4,0,0,""
"Seabrooke",170,56.1556666666667,-162.894,"D51","3/25/2024",3,0,0,0,0,0,3,0,0,0,1,0,0,3,0,0,"1xAK skate"
"Seabrooke",171,56.1226666666667,-162.8945,"D52","3/25/2024",0,0,0,0,0,0,0,0,0,0,7,0,0,4,0,0,""
"Seabrooke",172,56.0893333333333,-162.895,"D53","3/25/2024",3,0,0,0,0,0,3,0,0,0,14,0,0,2,0,0,""
"Seabrooke",173,56.0561666666667,-162.8955,"D54","3/25/2024",4,0,0,0,0,0,4,0,0,0,3,0,0,2,0,0,"1xAK skate"
"Seabrooke",174,56.0228333333333,-162.896166666667,"D55","3/25/2024",0,0,0,0,0,0,0,0,0,0,6,0,0,7,1,0,""
"Seabrooke",175,56.688,-163.340166666667,"C35","3/26/2024",7,0,0,0,0,0,7,0,0,0,2,0,0,0,0,0,""
"Seabrooke",176,56.7211666666667,-163.339833333333,"C34","3/26/2024",4,0,0,0,0,0,4,0,0,0,0,0,0,0,0,0,""
"Seabrooke",177,56.7545,-163.339666666667,"C33","3/26/2024",2,0,0,0,0,0,2,0,0,0,0,0,0,0,0,0,"hole in pot"
"Seabrooke",178,56.7876666666667,-163.339666666667,"C32","3/26/2024",10,0,0,0,0,0,10,0,0,0,1,0,0,0,0,0,""
"Seabrooke",179,56.8208333333333,-163.339666666667,"C31","3/26/2024",8,0,0,0,0,0,8,0,0,0,2,0,0,0,0,0,""
"Seabrooke",180,56.8706666666667,-163.339333333333,"C30","3/26/2024",3,0,0,0,0,0,3,0,0,0,0,0,0,0,0,0,""
"Seabrooke",181,56.8871666666667,-163.339166666667,"C29","3/26/2024",3,0,0,0,0,0,3,0,0,0,5,0,0,1,0,0,""
"Seabrooke",182,56.9203333333333,-163.339166666667,"C28","3/26/2024",0,0,1,0,0,0,0,1,0,0,6,0,0,0,0,0,""
"Seabrooke",183,56.9535,-163.338833333333,"C27","3/26/2024",3,0,0,0,0,0,3,0,0,0,7,0,0,2,0,0,""
"Seabrooke",184,56.9868333333333,-163.338833333333,"C26","3/26/2024",1,0,0,0,0,0,1,0,0,0,8,0,0,4,0,0,""
"Seabrooke",185,57.0191666666667,-163.3385,"C25","3/26/2024",1,0,0,0,0,0,1,0,0,0,7,0,0,0,1,0,""
"Seabrooke",186,57.0531666666667,-163.3385,"C24","3/26/2024",6,0,0,0,0,0,6,0,0,0,8,0,0,5,0,0,""
"Seabrooke",187,57.0863333333333,-163.338333333333,"C23","3/26/2024",4,0,0,0,0,0,4,0,0,0,5,0,0,4,0,0,""
"Seabrooke",188,57.1195,-163.338333333333,"C22","3/26/2024",1,0,0,0,0,0,1,0,0,0,4,0,3,5,0,0,""
"Seabrooke",189,57.1526666666667,-163.338166666667,"C21","3/26/2024",2,0,0,0,0,0,2,0,0,0,0,0,0,2,0,0,""
"Seabrooke",190,57.1521666666667,-162.8775,"D21","3/26/2024",1,0,0,0,0,0,1,0,0,0,3,0,0,0,0,0,"sand fleas"
"Seabrooke",191,57.1185,-162.878666666667,"D22","3/26/2024",0,0,0,0,0,0,0,0,0,0,0,0,0,2,0,0,"sand fleas"
"Seabrooke",192,57.0853333333333,-162.879,"D23","3/26/2024",0,0,0,0,0,0,0,0,0,0,3,0,0,2,0,0,"sand fleas"
"Seabrooke",193,57.0521666666667,-162.8795,"D24","3/26/2024",0,0,0,0,0,0,0,0,0,0,2,0,0,4,0,0,"sand fleas"
"Seabrooke",194,57.019,-162.880166666667,"D25","3/26/2024",0,0,0,0,0,0,0,0,0,0,4,0,0,10,0,0,"sand fleas"
"Seabrooke",195,56.9856666666667,-162.880666666667,"D26","3/26/2024",0,0,0,0,0,0,0,0,0,0,0,0,1,1,0,0,"sand fleas"
"Seabrooke",196,56.9525,-162.881166666667,"D27","3/26/2024",2,0,0,0,0,0,2,0,0,0,9,0,0,5,0,0,""
"Seabrooke",197,56.9195,-162.881666666667,"D28","3/26/2024",3,0,1,0,0,0,3,1,0,0,2,0,1,5,0,0,""
"Seabrooke",198,56.8861666666667,-162.882333333333,"D29","3/26/2024",0,0,0,0,0,0,0,0,0,0,2,0,1,3,1,0,""
"Seabrooke",199,56.853,-162.882833333333,"D30","3/26/2024",2,0,1,0,0,0,2,1,0,0,6,0,0,3,0,0,""
"Seabrooke",200,55.8578333333333,-163.344666666667,"C60","3/27/2024",0,0,0,0,0,0,0,0,0,0,2,0,0,0,0,0,"sand fleas"
"Seabrooke",201,55.8908333333333,-163.3425,"C59","3/27/2024",3,0,0,0,0,0,3,0,0,0,5,0,0,0,0,0,"sand fleas"
"Seabrooke",202,55.9241666666667,-163.342666666667,"C58","3/27/2024",0,0,0,0,0,0,0,0,0,0,3,0,0,0,1,0,"1xAlaska skate, sand fleas"
"Seabrooke",203,55.9575,-163.3425,"C57","3/27/2024",2,0,0,0,0,0,2,0,0,0,3,0,0,1,0,0,""
"Seabrooke",204,55.9906666666667,-163.342666666667,"C56","3/27/2024",1,0,0,0,0,0,1,0,0,0,6,0,0,0,0,0,""
"Seabrooke",205,56.0238333333333,-163.3425,"C55","3/27/2024",0,0,0,0,0,0,0,0,0,0,7,0,0,24,1,0,""
"Seabrooke",206,56.0571666666667,-163.342333333333,"C54","3/27/2024",0,0,0,0,0,0,0,0,0,0,6,0,0,11,0,0,""
"Seabrooke",207,56.0901666666667,-163.342166666667,"C53","3/27/2024",1,0,0,0,0,0,1,0,0,0,1,0,0,18,0,0,""
"Seabrooke",208,56.1235,-163.342,"C52","3/27/2024",1,0,0,0,0,0,1,0,0,0,4,0,0,3,0,0,""
"Seabrooke",209,56.1568333333333,-163.342,"C51","3/27/2024",0,0,1,0,0,0,0,1,0,0,7,0,0,4,0,0,""
"Seabrooke",210,56.1898333333333,-163.341833333333,"C50","3/27/2024",2,0,0,0,0,0,2,0,0,0,8,0,0,6,0,0,""
"Seabrooke",211,56.2231666666667,-163.341666666667,"C49","3/27/2024",1,0,0,0,0,0,1,0,0,0,3,0,0,0,0,0,""
"Seabrooke",212,56.2563333333333,-163.3415,"C48","3/27/2024",8,0,0,0,0,0,8,0,0,0,3,0,0,1,0,0,""
"Seabrooke",213,56.2905,-163.341333333333,"C47","3/27/2024",2,0,0,0,0,0,2,0,0,0,2,0,1,0,0,0,"sand fleas"
"Seabrooke",214,56.3226666666667,-163.341333333333,"C46","3/27/2024",7,0,0,0,0,0,7,0,0,0,8,0,0,1,0,0,""
"Seabrooke",215,56.356,-163.341166666667,"C45","3/27/2024",5,0,0,0,0,0,5,0,0,0,6,0,0,1,0,0,""
"Seabrooke",216,56.3891666666667,-163.341166666667,"C44","3/27/2024",3,0,0,0,0,0,3,0,0,0,7,0,1,0,0,0,""
"Seabrooke",217,56.4223333333333,-163.341,"C43","3/27/2024",4,0,0,0,0,0,4,0,0,0,3,0,1,1,1,0,""
"Seabrooke",218,56.4556666666667,-163.340833333333,"C42","3/27/2024",0,0,0,0,0,0,0,0,0,0,6,0,0,1,2,0,""
"Seabrooke",219,56.4888333333333,-163.340833333333,"C41","3/27/2024",4,0,0,0,0,0,4,0,0,0,5,0,0,13,1,0,""
"Seabrooke",220,56.5221666666667,-163.3405,"C40","3/27/2024",2,0,0,0,0,0,2,0,0,0,4,0,0,2,0,0,""
"Seabrooke",221,56.5553333333333,-163.3405,"C39","3/27/2024",4,0,0,0,0,0,4,0,0,0,6,0,0,0,0,0,""
"Seabrooke",222,56.5885,-163.340333333333,"C38","3/27/2024",5,0,0,0,0,0,5,0,0,0,6,0,0,0,0,0,""
"Seabrooke",223,56.6216666666667,-163.340166666667,"C37","3/27/2024",2,0,0,0,0,0,2,0,0,0,0,0,1,0,0,0,""
"Seabrooke",224,56.6548333333333,-163.34,"C36","3/27/2024",18,0,0,0,0,0,18,0,0,0,1,0,0,1,0,0,"Camera test pot: 20 male RKC"
"Seabrooke",225,56.6665,-163.339333333333,"CAM1","3/27/2024",4,0,0,0,0,0,4,0,0,0,2,0,0,0,0,0,"Coffin test pot: 6 male RKC, 1 female RKC"
"Seabrooke",226,56.6786666666667,-163.339666666667,"COFFIN","3/27/2024",1,0,0,0,0,0,1,0,0,0,0,0,0,1,0,0,""
"Seabrooke",227,56.6546666666667,-163.794,"B36","3/28/2024",3,0,0,0,0,0,3,0,0,0,2,0,0,1,0,0,""
"Seabrooke",228,56.6216666666667,-163.7935,"B37","3/28/2024",8,0,0,0,0,0,8,0,0,0,5,0,1,0,0,0,""
"Seabrooke",229,56.5883333333333,-163.7935,"B38","3/28/2024",12,0,0,0,0,0,12,0,0,0,4,0,0,1,0,0,""
"Seabrooke",230,56.5553333333333,-163.792833333333,"B39","3/28/2024",8,0,3,0,0,0,8,3,0,0,4,0,0,0,0,0,""
"Seabrooke",231,56.5221666666667,-163.792666666667,"B40","3/28/2024",8,1,1,0,0,0,9,1,0,0,2,0,0,0,0,0,""
"Seabrooke",232,56.4888333333333,-163.792333333333,"B41","3/28/2024",6,0,0,0,0,0,6,0,0,0,9,0,0,2,2,0,""
"Seabrooke",233,56.4556666666667,-163.792,"B42","3/28/2024",2,0,1,0,0,0,2,1,0,0,4,0,1,1,1,0,""
"Seabrooke",234,56.4225,-163.791833333333,"B43","3/28/2024",5,0,0,0,0,0,5,0,0,0,6,0,0,0,1,0,"1xAK skate"
"Seabrooke",235,56.3893333333333,-163.7915,"B44","3/28/2024",6,0,0,0,0,0,6,0,0,0,5,0,0,2,0,0,""
"Seabrooke",236,56.3561666666667,-163.791166666667,"B45","3/28/2024",4,0,0,0,0,0,4,0,0,0,4,0,0,0,0,0,""
"Seabrooke",237,56.3226666666667,-163.790833333333,"B46","3/28/2024",2,0,0,0,0,0,2,0,0,0,1,0,0,1,0,0,""
"Seabrooke",238,56.2895,-163.790666666667,"B47","3/28/2024",4,0,1,0,0,0,4,1,0,0,1,0,0,0,0,0,"1xAK skate"
"Seabrooke",239,56.2563333333333,-163.790333333333,"B48","3/28/2024",4,0,0,0,0,0,4,0,0,0,7,0,0,0,0,0,"1xAK skate"
"Seabrooke",240,56.2231666666667,-163.79,"B49","3/28/2024",1,0,0,0,0,0,1,0,0,0,5,0,0,0,0,0,""
"Seabrooke",241,56.19,-163.789666666667,"B50","3/28/2024",5,0,0,0,0,0,5,0,0,0,3,0,0,0,0,0,""
"Seabrooke",242,56.1566666666667,-163.789333333333,"B51","3/28/2024",0,0,0,0,0,0,0,0,0,0,1,0,0,0,0,0,"sand fleas, cod mort"
"Seabrooke",243,56.1235,-163.789166666667,"B52","3/28/2024",5,0,0,0,0,0,5,0,0,0,2,0,0,0,0,0,"1xLyre crab"
"Seabrooke",244,56.0901666666667,-163.788833333333,"B53","3/28/2024",1,0,0,0,0,0,1,0,0,0,1,0,0,0,0,0,"1xAK skate"
"Seabrooke",245,56.057,-163.7885,"B54","3/28/2024",8,0,0,0,0,0,8,0,0,0,4,0,0,1,0,0,""
"Seabrooke",246,56.0238333333333,-163.788333333333,"B55","3/28/2024",7,0,1,0,0,0,7,1,0,0,6,0,0,0,0,0,""
"Seabrooke",247,55.9905,-163.788,"B56","3/28/2024",4,0,1,0,0,0,4,1,0,0,4,0,0,0,0,0,""
"Seabrooke",248,55.9575,-163.787666666667,"B57","3/28/2024",5,1,0,0,0,0,6,0,0,0,11,0,1,0,0,0,""
"Seabrooke",249,55.9241666666667,-163.7875,"B58","3/28/2024",5,0,0,0,0,0,5,0,0,0,4,0,0,0,0,0,""
"Seabrooke",250,55.8908333333333,-163.787166666667,"B59","3/28/2024",6,0,0,0,0,0,6,0,0,0,0,0,0,0,0,0,""
"Seabrooke",251,55.8565,-163.787166666667,"B60","3/28/2024",11,0,1,0,0,0,11,1,0,0,1,0,0,0,0,0,""
"Seabrooke",252,55.6716666666667,-164.227166666667,"A65","3/29/2024",3,0,0,0,0,0,3,0,0,0,3,0,0,0,0,0,""
"Seabrooke",253,55.7058333333333,-164.228166666667,"A64","3/29/2024",4,0,2,0,0,0,4,2,0,0,5,0,0,0,1,0,""
"Seabrooke",254,55.739,-164.228666666667,"A63","3/29/2024",5,1,0,0,0,0,6,0,0,0,2,0,0,0,0,0,""
"Seabrooke",255,55.7723333333333,-164.2295,"A62","3/29/2024",4,0,1,0,0,0,4,1,0,0,1,2,0,0,0,0,""
"Seabrooke",256,55.8055,-164.230166666667,"A61","3/29/2024",6,0,0,0,0,0,6,0,0,0,3,1,0,0,0,0,"1xAK skate"
"Seabrooke",257,55.8386666666667,-164.230833333333,"A60","3/29/2024",2,0,0,0,0,0,2,0,0,0,1,0,0,0,0,0,"1xAK skate"
"Seabrooke",258,55.8718333333333,-164.2315,"A59","3/29/2024",0,0,0,0,0,0,0,0,0,0,1,0,0,0,1,0,""
"Seabrooke",259,55.9051666666667,-164.232166666667,"A58","3/29/2024",4,0,1,0,0,0,4,1,0,0,6,0,1,0,0,0,""
"Seabrooke",260,55.9385,-164.232833333333,"A57","3/29/2024",6,0,0,0,0,0,6,0,0,0,3,0,0,0,0,0,""
"Seabrooke",261,55.9718333333333,-164.2335,"A56","3/29/2024",5,0,0,0,0,0,5,0,0,0,2,0,0,0,0,0,""
"Seabrooke",262,56.005,-164.234166666667,"A55","3/29/2024",1,0,0,0,0,0,1,0,0,0,1,0,0,0,0,0,""
"Seabrooke",263,56.038,-164.235,"A54","3/29/2024",4,0,0,0,0,0,4,0,0,0,1,0,0,0,0,0,""
"Seabrooke",264,56.0713333333333,-164.235666666667,"A53","3/29/2024",5,0,0,0,0,0,5,0,0,0,0,0,0,0,0,0,""
"Seabrooke",265,56.1046666666667,-164.236166666667,"A52","3/29/2024",1,0,0,0,0,0,1,0,0,0,0,0,1,0,0,0,""
"Seabrooke",266,56.1378333333333,-164.236833333333,"A51","3/29/2024",3,0,0,0,0,0,3,0,0,0,1,0,0,0,0,0,""
"Seabrooke",267,56.171,-164.237666666667,"A50","3/29/2024",0,0,0,0,0,0,0,0,0,0,2,0,0,0,0,0,""
"Seabrooke",268,56.2041666666667,-164.238333333333,"A49","3/29/2024",5,0,0,0,0,0,5,0,0,0,5,0,0,0,0,0,""
"Seabrooke",269,56.2376666666667,-164.239,"A48","3/29/2024",2,0,1,0,0,0,2,1,0,0,5,0,0,0,0,0,""
"Seabrooke",270,56.2705,-164.239666666667,"A47","3/29/2024",5,0,0,0,0,0,5,0,0,0,4,0,0,0,0,0,""
"Seabrooke",271,56.3038333333333,-164.240333333333,"A46","3/29/2024",0,0,0,0,0,0,0,0,0,0,1,0,0,0,0,0,""
"Seabrooke",272,56.337,-164.240833333333,"A45","3/31/2024",4,0,1,0,0,0,4,1,0,0,0,0,0,0,0,0,""
"Seabrooke",273,56.3701666666667,-164.241833333333,"A44","3/31/2024",4,0,0,0,0,0,4,0,0,0,3,0,0,0,0,0,"1xAK skate"
"Seabrooke",274,56.4033333333333,-164.2425,"A43","3/31/2024",4,0,0,0,0,0,4,0,0,0,3,0,0,0,0,0,"1xLyre crab"
"Seabrooke",275,56.4366666666667,-164.243166666667,"A42","3/31/2024",12,0,0,0,0,0,12,0,0,0,3,0,0,0,0,0,""
"Seabrooke",276,56.4698333333333,-164.243833333333,"A41","3/31/2024",2,0,0,0,0,0,2,0,0,0,3,0,0,0,0,0,""
"Seabrooke",277,56.503,-164.244666666667,"A40","3/31/2024",1,0,0,0,0,0,1,0,0,0,4,0,0,0,0,0,""
"Seabrooke",278,56.5361666666667,-164.245166666667,"A39","3/31/2024",3,0,0,0,0,0,3,0,0,0,3,0,1,1,0,0,""
"Seabrooke",279,56.5695,-164.246,"A38","3/31/2024",1,0,0,0,0,0,1,0,0,0,3,0,0,1,0,0,""
"Seabrooke",280,56.6026666666667,-164.246666666667,"A37","3/31/2024",7,0,0,0,0,0,7,0,0,0,6,1,2,0,0,0,""
"Seabrooke",281,56.6358333333333,-164.247333333333,"A36","3/31/2024",6,0,0,0,0,0,6,0,0,0,9,0,0,0,0,0,""
"Seabrooke",282,56.669,-164.248166666667,"A35","3/31/2024",4,0,0,0,0,0,4,0,0,0,4,0,1,1,0,0,""
"Seabrooke",283,56.7021666666667,-164.248833333333,"A34","3/31/2024",9,0,0,0,0,0,9,0,0,0,7,0,1,0,0,0,""
"Seabrooke",284,56.7353333333333,-164.2495,"A33","3/31/2024",2,0,0,0,0,0,2,0,0,0,1,0,2,0,0,0,""
"Seabrooke",285,56.7685,-164.250166666667,"A32","3/31/2024",2,0,0,0,0,0,2,0,0,0,3,0,0,2,0,0,""
"Seabrooke",286,56.8018333333333,-164.251,"A31","3/31/2024",3,0,0,0,0,0,3,0,0,0,5,0,1,1,1,0,""
"Seabrooke",287,56.835,-164.251666666667,"A30","3/31/2024",2,0,0,0,0,0,2,0,0,0,5,0,0,1,0,0,""
"Seabrooke",288,56.8681666666667,-164.252333333333,"A29","3/31/2024",1,0,0,0,0,0,1,0,0,0,2,0,1,0,1,0,""
"Seabrooke",289,56.9013333333333,-164.253,"A28","3/31/2024",3,0,1,0,0,0,3,1,0,0,6,0,0,1,1,0,""
"Seabrooke",290,56.9345,-164.253666666667,"A27","3/31/2024",4,0,1,0,0,0,4,1,0,0,18,0,1,2,0,0,""
"Seabrooke",291,56.9678333333333,-164.2545,"A26","3/31/2024",0,0,1,0,0,0,0,1,0,0,4,0,1,0,2,0,""
"Seabrooke",292,57.0008333333333,-164.255166666667,"A25","3/31/2024",2,0,0,0,0,0,2,0,0,0,10,0,1,0,1,0,""
"Seabrooke",293,57.0341666666667,-164.256,"A24","3/31/2024",0,0,0,0,0,0,0,0,0,0,10,0,0,0,3,0,""
"Seabrooke",294,57.0673333333333,-164.256666666667,"A23","3/31/2024",3,0,0,0,0,0,3,0,0,0,8,0,0,0,1,0,""
"Seabrooke",295,57.1005,-164.257333333333,"A22","3/31/2024",0,0,1,0,0,0,0,1,0,0,11,0,0,1,0,0,""
"Seabrooke",296,57.1338333333333,-164.258,"A21","3/31/2024",0,0,1,0,0,0,0,1,0,0,11,0,0,0,0,0,""
"Seabrooke",297,57.3185,-163.799666666667,"B16","4/2/2024",0,0,0,0,0,0,0,0,0,0,0,0,0,0,0,0,"No bycatch"
"Seabrooke",298,57.2853333333333,-163.799166666667,"B17","4/2/2024",2,0,0,0,0,0,2,0,0,0,2,0,0,0,0,0,""
"Seabrooke",299,57.2521666666667,-163.799166666667,"B18","4/2/2024",0,0,0,0,0,0,0,0,0,0,1,0,0,0,0,0,""
"Seabrooke",300,57.219,-163.798833333333,"B19","4/2/2024",3,0,0,0,0,0,3,0,0,0,5,0,0,4,1,0,""
"Seabrooke",301,57.186,-163.7985,"B20","4/2/2024",1,0,0,0,0,0,1,0,0,0,10,0,0,0,0,0,""
"Seabrooke",302,57.1526666666667,-163.798166666667,"B21","4/2/2024",3,0,0,0,0,0,3,0,0,0,6,0,0,3,1,0,""
"Seabrooke",303,57.1196666666667,-163.798,"B22","4/2/2024",0,0,0,0,0,0,0,0,0,0,7,0,0,0,0,1,"Warty Sculpin"
"Seabrooke",304,57.0863333333333,-163.797666666667,"B23","4/2/2024",0,0,0,0,0,0,0,0,0,0,7,0,1,0,1,0,""
"Seabrooke",305,57.0531666666667,-163.797333333333,"B24","4/2/2024",0,0,0,0,0,0,0,0,0,0,4,0,0,0,0,0,""
"Seabrooke",306,57.02,-163.797,"B25","4/2/2024",0,0,0,0,0,0,0,0,0,0,0,0,0,0,0,0,"No bycatch"
"Seabrooke",307,56.9868333333333,-163.796833333333,"B26","4/2/2024",1,0,0,0,0,0,1,0,0,0,2,0,2,0,0,0,""
"Seabrooke",308,56.9536666666667,-163.7965,"B27","4/2/2024",2,0,1,0,0,0,2,1,0,0,2,0,0,0,2,0,""
"Seabrooke",309,56.9205,-163.796166666667,"B28","4/2/2024",2,0,0,0,0,0,2,0,0,0,4,0,0,1,0,0,""
"Seabrooke",310,56.8873333333333,-163.796,"B29","4/2/2024",1,0,0,0,0,0,1,0,0,0,2,0,1,0,2,0,""
"Seabrooke",311,56.8541666666667,-163.7955,"B30","4/2/2024",7,0,0,0,0,0,7,0,0,0,2,0,0,0,0,0,""
"Seabrooke",312,56.8208333333333,-163.795333333333,"B31","4/2/2024",3,0,1,0,0,0,3,1,0,0,1,0,1,0,0,0,""
"Seabrooke",313,56.7876666666667,-163.795,"B32","4/2/2024",0,0,0,0,0,0,0,0,0,0,0,0,0,0,0,0,"No bycatch"
"Seabrooke",314,56.7545,-163.794666666667,"B33","4/2/2024",3,0,0,0,0,0,3,0,0,0,2,0,0,0,1,0,""
"Seabrooke",315,56.7213333333333,-163.794333333333,"B34","4/2/2024",3,0,0,0,0,0,3,0,0,0,2,0,1,0,2,0,""
"Seabrooke",316,56.6881666666667,-163.794166666667,"B35","4/2/2024",3,0,0,0,0,0,3,0,0,0,3,0,0,0,0,0,""
"Seabrooke",317,56.6751666666667,-163.793833333333,"CAM2","4/2/2024",4,0,0,0,0,0,4,0,0,0,1,0,0,0,0,0,""
"Seabrooke",318,57.6646666666667,-164.269666666667,"A05","4/3/2024",1,0,0,0,0,0,1,0,0,0,0,0,0,0,0,0,"sand fleas"
"Seabrooke",319,57.6316666666667,-164.269,"A06","4/3/2024",1,0,0,0,0,0,1,0,0,0,0,0,0,0,0,0,"sand fleas"
"Seabrooke",320,57.5985,-164.268166666667,"A07","4/3/2024",1,0,0,0,0,0,1,0,0,0,0,0,0,0,0,0,""
"Seabrooke",321,57.5653333333333,-164.2675,"A08","4/3/2024",0,0,0,0,0,0,0,0,0,0,0,0,0,0,0,0,"No bycatch"
"Seabrooke",322,57.5321666666667,-164.266833333333,"A09","4/3/2024",0,0,0,0,0,0,0,0,0,0,0,0,0,0,0,0,"empty pot"
"Seabrooke",323,57.499,-164.266,"A10","4/3/2024",0,0,0,0,0,0,0,0,0,0,0,0,0,0,0,0,"No bycatch"
"Seabrooke",324,57.4658333333333,-164.265333333333,"A11","4/3/2024",0,0,0,0,0,0,0,0,0,0,0,0,0,0,0,0,"No bycatch"
"Seabrooke",325,57.4326666666667,-164.264666666667,"A12","4/3/2024",1,0,0,0,0,0,1,0,0,0,0,0,0,0,0,0,""
"Seabrooke",326,57.3991666666667,-164.263,"A13","4/3/2024",2,0,0,0,0,0,2,0,0,0,1,0,0,4,0,0,""
"Seabrooke",327,57.3663333333333,-164.263,"A14","4/3/2024",0,0,0,0,1,0,0,0,1,0,1,0,0,5,0,0,""
"Seabrooke",328,57.3331666666667,-164.262333333333,"A15","4/3/2024",1,0,0,0,0,0,1,0,0,0,3,0,0,0,1,0,"2xLyre crab"
"Seabrooke",329,57.3,-164.2615,"A16","4/3/2024",0,0,0,0,0,0,0,0,0,0,3,0,0,0,0,0,""
"Seabrooke",330,57.2668333333333,-164.260833333333,"A17","4/3/2024",3,0,0,0,0,0,3,0,0,0,4,0,0,1,1,0,""
"Seabrooke",331,57.2336666666667,-164.260166666667,"A18","4/3/2024",1,0,0,0,0,0,1,0,0,0,5,0,0,1,0,0,""
"Seabrooke",332,57.2005,-164.2595,"A19","4/3/2024",2,0,1,0,0,0,2,1,0,0,2,0,0,0,0,0,""
"Seabrooke",333,57.1673333333333,-164.258833333333,"A20","4/3/2024",3,0,1,0,0,0,3,1,0,0,4,0,0,0,1,0,""
"Seabrooke",334,57.3515,-163.8,"B15","4/4/2024",0,0,0,0,0,0,0,0,0,0,1,0,0,0,0,0,""
"Seabrooke",335,57.3846666666667,-163.800333333333,"B14","4/4/2024",0,0,0,0,0,0,0,0,0,0,0,0,0,0,0,0,"No bycatch"
"Seabrooke",336,57.4178333333333,-163.800666666667,"B13","4/4/2024",0,0,0,0,0,0,0,0,0,0,0,0,0,0,0,0,"No bycatch"
"Seabrooke",337,57.451,-163.801,"B12","4/4/2024",0,0,0,0,0,0,0,0,0,0,1,0,0,0,0,0,""
"Seabrooke",338,57.4843333333333,-163.801333333333,"B11","4/4/2024",0,0,0,0,0,0,0,0,0,0,0,0,0,0,0,0,"No bycatch"
"Seabrooke",339,57.5175,-163.801666666667,"B10","4/4/2024",0,0,0,0,0,0,0,0,0,0,0,0,0,0,0,0,"No bycatch"
"Seabrooke",340,57.5505,-163.802,"B09","4/4/2024",1,0,0,0,0,0,1,0,0,0,0,0,0,0,0,0,""
"Seabrooke",341,57.5836666666667,-163.802333333333,"B08","4/4/2024",0,0,0,0,0,0,0,0,0,0,0,0,0,0,0,0,"No bycatch"
"Seabrooke",342,57.6168333333333,-163.802666666667,"B07","4/4/2024",0,0,0,0,0,0,0,0,0,1,0,0,0,0,0,0,""
"Seabrooke",343,57.65,-163.802833333333,"B06","4/4/2024",1,0,0,0,0,0,1,0,0,0,0,0,0,0,0,0,"1xLyre crab"
"Seabrooke",344,57.6831666666667,-163.803333333333,"B05","4/4/2024",0,0,0,0,0,0,0,0,0,0,0,0,0,0,0,0,"No bycatch"
"Seabrooke",345,57.7165,-163.803666666667,"B04","4/4/2024",0,0,0,0,0,0,0,0,0,0,0,0,0,0,0,0,"empty pot"
"Seabrooke",346,57.7495,-163.803833333333,"B03","4/4/2024",0,1,0,0,0,0,1,0,0,0,0,0,0,0,0,0,""
"Seabrooke",347,57.7826666666667,-163.804166666667,"B02","4/4/2024",0,0,0,0,0,0,0,0,0,0,0,0,0,0,0,0,"No bycatch"
"Seabrooke",348,57.8158333333333,-163.8045,"B01","4/4/2024",0,0,0,0,0,0,0,0,0,0,0,0,0,0,0,0,"empty pot"
"Seabrooke",349,57.7975,-164.272833333333,"A01","4/4/2024",0,0,0,0,0,0,0,0,0,0,0,0,0,0,0,0,"empty pot"
"Seabrooke",350,57.7641666666667,-164.272,"A02","4/4/2024",0,0,0,0,0,0,0,0,0,0,0,0,0,0,0,0,"empty pot"
"Seabrooke",351,57.7311666666667,-164.271166666667,"A03","4/4/2024",0,0,0,0,0,0,0,0,0,0,0,0,0,0,0,0,"No bycatch"
"Seabrooke",352,57.698,-164.2705,"A04","4/4/2024",0,0,0,0,0,0,0,0,0,0,0,0,0,0,0,0,"No bycatch"
"Seabrooke",353,57.6666666666667,-164.269666666667,"CAM3","4/4/2024",0,0,0,0,0,0,0,0,0,0,0,0,0,0,0,0,"1xPlain sculpin"
"Seabrooke",354,57.8161666666667,-163.335666666667,"C01","4/5/2024",0,0,0,0,0,0,0,0,0,0,0,0,0,0,0,0,"empty pot"
"Seabrooke",355,57.7833333333333,-163.335666666667,"C02","4/5/2024",0,0,0,0,0,0,0,0,0,0,0,0,0,0,0,0,"empty pot"
"Seabrooke",356,57.7501666666667,-163.335666666667,"C03","4/5/2024",0,0,0,0,0,0,0,0,0,0,0,0,0,0,0,0,"No bycatch"
"Seabrooke",357,57.717,-163.335833333333,"C04","4/5/2024",0,0,0,0,0,0,0,0,0,0,0,0,0,0,0,0,"No bycatch"
"Seabrooke",358,57.6838333333333,-163.336,"C05","4/5/2024",0,0,0,0,0,0,0,0,0,0,0,0,0,0,0,0,"No bycatch"
"Seabrooke",359,57.6506666666667,-163.336166666667,"C06","4/5/2024",0,0,0,0,0,0,0,0,0,0,0,0,0,0,0,0,"No bycatch"
"Seabrooke",360,57.6175,-163.336333333333,"C07","4/5/2024",0,0,0,0,0,0,0,0,0,0,0,0,0,0,0,0,"1 AK plaice"
"Seabrooke",361,57.5843333333333,-163.3365,"C08","4/5/2024",1,0,0,0,0,0,1,0,0,0,0,0,0,0,0,0,""
"Seabrooke",362,57.5511666666667,-163.3365,"C09","4/5/2024",0,0,0,0,0,0,0,0,0,0,0,0,0,0,0,0,"No bycatch"
"Seabrooke",363,57.518,-163.336666666667,"C10","4/5/2024",0,0,0,0,0,0,0,0,0,0,0,0,1,0,0,0,""
"Seabrooke",364,57.4848333333333,-163.336666666667,"C11","4/5/2024",0,0,0,0,0,0,0,0,0,0,0,0,0,0,0,0,"No bycatch"
"Seabrooke",365,57.4516666666667,-163.336833333333,"C12","4/5/2024",0,0,0,0,0,0,0,0,0,0,0,0,0,0,0,0,"No bycatch"
"Seabrooke",366,57.4185,-163.337,"C13","4/5/2024",0,0,0,0,0,0,0,0,0,0,0,0,0,0,0,0,"No bycatch"
"Seabrooke",367,57.3853333333333,-163.337166666667,"C14","4/5/2024",2,0,0,0,0,0,2,0,0,0,0,0,0,0,0,0,""
"Seabrooke",368,57.3521666666667,-163.337333333333,"C15","4/5/2024",0,0,0,0,0,0,0,0,0,0,0,0,0,2,0,0,"2x snailfish"
"Seabrooke",369,57.319,-163.337333333333,"C16","4/5/2024",1,0,0,0,0,0,1,0,0,0,0,2,1,2,0,0,""
"Seabrooke",370,57.2858333333333,-163.337666666667,"C17","4/5/2024",0,0,0,0,0,0,0,0,0,0,0,2,0,2,0,0,""
"Seabrooke",371,57.2526666666667,-163.337666666667,"C18","4/5/2024",0,0,0,0,0,0,0,0,0,0,0,1,0,0,0,0,""
"Seabrooke",372,57.2195,-163.337833333333,"C19","4/5/2024",0,0,0,0,0,0,0,0,0,0,0,1,0,0,0,0,""
"Seabrooke",373,57.1863333333333,-163.338,"C20","4/5/2024",0,0,0,0,0,0,0,0,0,0,0,0,0,0,0,0,""
"Arctic Lady",1,56.6728166666667,-161.52365,"G35","3/18/2024",4,0,0,0,0,0,4,0,0,0,5,0,0,3,0,0,"27 seastar"
"Arctic Lady",2,56.6396,-161.525466666667,"G36","3/18/2024",3,0,0,0,0,0,3,0,0,0,6,0,1,0,0,0,"2 seastar"
"Arctic Lady",3,56.6066833333333,-161.527083333333,"G37","3/18/2024",0,0,0,0,0,0,0,0,0,0,8,0,0,1,0,0,"1 AK skate, 4 seastar"
"Arctic Lady",4,56.5737666666667,-161.528983333333,"G38","3/18/2024",0,0,0,0,0,0,0,0,0,0,8,0,0,4,0,0,"1 seastar, 1 unmeasured male RKC"
"Arctic Lady",5,56.54005,-161.530566666667,"G39","3/18/2024",0,0,0,0,0,0,0,0,0,0,6,0,0,3,0,0,""
"Arctic Lady",6,56.5068333333333,-161.532716666667,"G40","3/18/2024",1,0,0,0,0,0,1,0,0,0,4,0,0,6,0,0,"1 seastar"
"Arctic Lady",7,56.4738,-161.534583333333,"G41","3/18/2024",2,0,0,0,0,0,2,0,0,0,8,0,0,20,0,0,"8 seastar"
"Arctic Lady",8,56.4405166666667,-161.53615,"G42","3/18/2024",0,0,0,0,0,0,0,0,0,0,6,0,0,7,0,0,"3 seastar"
"Arctic Lady",9,56.4074833333333,-161.537933333333,"G43","3/18/2024",1,0,0,0,0,0,1,0,0,0,7,0,0,12,0,0,""
"Arctic Lady",10,56.3741166666667,-161.539616666667,"G44","3/18/2024",1,0,0,0,0,0,1,0,0,0,10,0,1,5,0,1,"3 seastar, 1 unmeasured male RKC"
"Arctic Lady",11,56.3409333333333,-161.5417,"G45","3/18/2024",1,0,0,0,0,0,1,0,0,0,3,0,0,1,1,0,"4 seastars, "
"Arctic Lady",12,56.3077833333333,-161.54315,"G46","3/18/2024",1,0,0,0,0,0,1,0,0,0,5,0,0,2,0,0,"1 seastar"
"Arctic Lady",13,56.2743666666667,-161.545,"G47","3/18/2024",0,0,0,0,0,0,0,0,0,0,4,0,0,4,0,0,"3 seastar"
"Arctic Lady",14,56.2412,-161.546666666667,"G48","3/18/2024",2,0,0,0,0,0,2,0,0,0,7,0,0,2,0,0,"21 seastar"
"Arctic Lady",15,56.2081333333333,-161.5486,"G49","3/18/2024",8,0,0,0,0,0,8,0,0,0,10,0,0,2,0,0,"1 jelly, 8 seastar"
"Arctic Lady",16,56.1749333333333,-161.549883333333,"G50","3/18/2024",1,0,0,0,0,0,1,0,0,0,4,0,0,5,0,0,"1 jelly, 9 seastar"
"Arctic Lady",17,56.14165,-161.55165,"G51","3/18/2024",3,0,0,0,0,0,3,0,0,0,5,0,0,1,0,0,"20 seastar"
"Arctic Lady",18,56.1085833333333,-161.55325,"G52","3/18/2024",3,0,0,0,0,0,3,0,0,0,6,0,0,6,0,0,"14 seastar"
"Arctic Lady",19,56.0753666666667,-161.555716666667,"G53","3/18/2024",2,0,0,0,0,0,2,0,0,0,0,0,0,4,0,0,"80 seastar"
"Arctic Lady",20,56.0420833333333,-161.557,"G54","3/18/2024",0,0,0,0,0,0,0,0,0,0,0,0,0,0,0,0,"32 seastar"
"Arctic Lady",21,56.16655,-161.10255,"H51","3/19/2024",0,0,0,0,0,0,0,0,0,0,0,0,0,0,0,0,"23 seastars"
"Arctic Lady",22,56.1998333333333,-161.1004,"H50","3/19/2024",1,0,0,0,0,0,1,0,0,0,2,0,0,0,0,0,"149 seastars"
"Arctic Lady",23,56.233,-161.098283333333,"H49","3/19/2024",0,0,0,0,0,0,0,0,0,0,1,0,0,0,0,0,"1big mouth sculpin, 81 seastars, 3 jelly"
"Arctic Lady",24,56.2661666666667,-161.0952,"H48","3/19/2024",0,0,0,0,0,0,0,0,0,0,0,0,0,1,0,0,"57 seastars, 5 jelly"
"Arctic Lady",25,56.2992,-161.095416666667,"H47","3/19/2024",0,0,0,0,0,0,0,0,0,0,2,0,0,32,0,0,"68 seastars, 1 hermit crab"
"Arctic Lady",26,56.3325833333333,-161.093433333333,"H46","3/19/2024",2,0,0,0,0,0,2,0,0,0,1,0,1,16,1,0,"47 seastars"
"Arctic Lady",27,56.3658666666667,-161.0888,"H45","3/19/2024",0,0,0,0,0,0,0,0,0,0,11,0,0,35,0,0,"79 seastars"
"Arctic Lady",28,56.39925,-161.085883333333,"H44","3/19/2024",1,0,0,0,0,0,1,0,0,0,7,0,0,71,0,0,"25 seastar"
"Arctic Lady",29,56.4323666666667,-161.0844,"H43","3/19/2024",0,0,0,0,0,0,0,0,0,0,6,0,0,12,0,0,"8 seastar"
"Arctic Lady",30,56.4653333333333,-161.0829,"H42","3/19/2024",1,0,0,0,0,0,1,0,0,0,2,0,0,8,1,0,""
"Arctic Lady",31,56.4986,-161.080816666667,"H41","3/19/2024",1,0,0,0,0,0,1,0,0,0,2,0,0,3,0,0,""
"Arctic Lady",32,56.5318666666667,-161.078716666667,"H40","3/19/2024",1,0,1,0,0,0,1,1,0,0,1,0,0,1,0,0,""
"Arctic Lady",33,56.5650666666667,-161.076083333333,"H39","3/19/2024",2,0,0,0,0,0,2,0,0,0,2,0,0,3,0,0,""
"Arctic Lady",34,56.5984333333333,-161.073416666667,"H38","3/19/2024",0,0,0,0,0,0,0,0,0,0,3,0,0,3,0,0,""
"Arctic Lady",35,56.6315666666667,-161.071683333333,"H37","3/19/2024",2,0,0,0,0,0,2,0,0,0,0,0,0,3,0,0,""
"Arctic Lady",36,56.6643666666667,-161.069933333333,"H36","3/19/2024",1,0,0,0,0,0,1,0,0,0,1,0,0,2,1,0,"2 seastars"
"Arctic Lady",37,56.6977666666667,-161.0676,"H35","3/19/2024",2,0,0,0,0,0,2,0,0,0,6,0,0,3,1,0,"3 seastars, 1 sea cucumber"
"Arctic Lady",38,56.7308,-161.0662,"H34","3/19/2024",0,0,0,0,0,0,0,0,0,0,9,0,1,1,0,0,"16 seastars, 1 lyre crab,  1 seacumber"
"Arctic Lady",39,56.7640166666667,-161.063466666667,"H33","3/19/2024",1,0,0,0,0,0,1,0,0,0,7,0,1,4,0,0,"4 seastars"
"Arctic Lady",40,56.7976,-161.061666666667,"H32","3/19/2024",1,0,0,0,0,0,1,0,0,0,8,0,0,8,0,0,"13 seastars"
"Arctic Lady",41,56.6567833333333,-160.616383333333,"I36","3/20/2024",0,0,0,0,0,0,0,0,0,0,0,0,0,0,0,0,"1 basketstar"
"Arctic Lady",42,56.62175,-160.61605,"I37","3/20/2024",0,0,0,0,0,0,0,0,0,0,2,0,0,2,0,0,""
"Arctic Lady",43,56.58815,-160.620316666667,"I38","3/20/2024",3,0,0,0,0,0,3,0,0,0,5,0,0,1,0,0,""
"Arctic Lady",44,56.55565,-160.623566666667,"I39","3/20/2024",2,0,0,0,0,0,2,0,0,0,5,0,0,3,0,0,"3 seastars, 1 pacific lyre crab"
"Arctic Lady",45,56.52275,-160.6255,"I40","3/20/2024",0,0,0,0,0,0,0,0,0,0,2,0,1,5,0,0,"4 seastars"
"Arctic Lady",46,56.4885166666667,-160.629233333333,"I41","3/20/2024",4,0,0,0,0,0,4,0,0,0,3,0,0,2,0,0,"5 hermit crabs, 1 seastar"
"Arctic Lady",47,56.45535,-160.630683333333,"I42","3/20/2024",1,0,0,0,0,0,1,0,0,0,4,0,0,2,0,0,"17 seastars"
"Arctic Lady",48,56.4226666666667,-160.634833333333,"I43","3/20/2024",0,0,0,0,0,0,0,0,0,0,2,0,0,1,0,0,"17 seastars, 2 hermit crabs"
"Arctic Lady",49,56.3897333333333,-160.6379,"I44","3/20/2024",0,0,0,0,0,0,0,0,0,0,2,0,0,0,0,0,"23 seastars"
"Arctic Lady",50,56.3568333333333,-160.63865,"I45","3/20/2024",0,0,0,0,0,0,0,0,0,0,2,0,0,0,0,0,"1 bigmouth sculpin, 9 seastars, 1 jellyfish"
"Arctic Lady",51,56.32385,-160.642133333333,"I46","3/20/2024",0,0,0,0,0,0,0,0,0,0,0,0,0,0,0,0,"35 seastars"
"Arctic Lady",52,56.2904666666667,-160.645266666667,"I47","3/20/2024",1,0,0,0,0,0,1,0,0,0,0,0,0,0,0,0,"23 seastars"
"Arctic Lady",53,56.2578333333333,-160.648766666667,"I48","3/20/2024",0,0,0,0,0,0,0,0,0,0,0,0,0,0,0,0,"39 seastars"
"Arctic Lady",54,56.2236833333333,-160.651166666667,"I49","3/20/2024",0,0,0,0,0,0,0,0,0,0,0,0,0,0,0,0,"49 seastars"
"Arctic Lady",55,56.1916166666667,-160.653,"I50","3/20/2024",0,0,0,0,0,0,0,0,0,0,0,0,0,0,0,0,"89 seastars"
"Arctic Lady",56,56.5099666666667,-160.177166666667,"J40","3/21/2024",0,0,0,0,0,0,0,0,0,0,0,0,0,0,0,0,"28 seastars"
"Arctic Lady",57,56.54335,-160.171466666667,"J39","3/21/2024",0,0,0,0,0,0,0,0,0,0,0,0,0,0,0,0,"25 seastars"
"Arctic Lady",58,56.5764833333333,-160.169483333333,"J38","3/21/2024",0,0,0,0,0,0,0,0,0,0,0,0,1,7,0,0,"94 seastars"
"Arctic Lady",59,56.60955,-160.1661,"J37","3/21/2024",0,0,0,0,0,0,0,0,0,0,0,0,1,0,0,0,"17 seastars"
"Arctic Lady",60,56.6423666666667,-160.163266666667,"J36","3/21/2024",1,0,0,0,0,0,1,0,0,0,2,0,0,12,0,0,"26 seastars"
"Arctic Lady",61,56.6752,-160.160166666667,"J35","3/21/2024",2,0,0,0,0,0,2,0,0,0,3,0,0,1,0,0,"3 seastars "
"Arctic Lady",62,56.7087833333333,-160.158,"J34","3/21/2024",0,0,0,0,0,0,0,0,0,0,5,0,0,5,0,0,"2 seastars"
"Arctic Lady",63,56.7421,-160.1551,"J33","3/21/2024",0,0,0,0,0,0,0,0,0,0,2,0,0,14,1,0,"3 seastars"
"Arctic Lady",64,56.7750833333333,-160.151083333333,"J32","3/21/2024",0,0,0,0,0,0,0,0,0,0,1,0,1,5,0,0,"3 seastars"
"Arctic Lady",65,56.80875,-160.146766666667,"J31","3/21/2024",0,0,0,0,0,0,0,0,0,0,1,0,0,5,0,0,"2 seastars"
"Arctic Lady",66,56.8415666666667,-160.143766666667,"J30","3/21/2024",1,0,0,0,0,0,1,0,0,0,2,0,0,3,0,0,"1 basket star, 4 pacific lyre crab, 1 snail"
"Arctic Lady",67,56.8750333333333,-160.14215,"J29","3/21/2024",1,0,0,0,0,0,1,0,0,0,1,0,1,8,0,0,"1 hermit crab, 1 seastar"
"Arctic Lady",68,56.9077333333333,-160.140783333333,"J28","3/21/2024",1,0,0,0,0,0,1,0,0,0,0,0,0,2,1,0,"5 seastars"
"Arctic Lady",69,56.9435166666667,-160.13505,"J27","3/21/2024",0,0,0,0,0,0,0,0,0,0,2,0,0,6,1,0,"4 seastars"
"Arctic Lady",70,56.9737166666667,-160.133833333333,"J26","3/21/2024",0,0,0,0,0,0,0,0,0,0,0,0,1,1,0,0,"1 seastar"
"Arctic Lady",71,57.00775,-160.1308,"J25","3/21/2024",1,0,0,0,0,0,1,0,0,0,1,0,2,3,0,0,""
"Arctic Lady",72,57.0404166666667,-160.12635,"J24","3/21/2024",0,0,0,0,0,0,0,0,0,0,0,0,0,2,0,0,"4 seastars"
"Arctic Lady",73,57.0737,-160.122916666667,"J23","3/21/2024",0,0,0,0,0,0,0,0,0,0,1,0,0,3,0,0,""
"Arctic Lady",74,57.1068333333333,-160.119616666667,"J22","3/21/2024",0,0,0,0,0,0,0,0,0,0,0,0,1,1,0,0,"1 seastar"
"Arctic Lady",75,57.1403666666667,-160.117166666667,"J21","3/21/2024",0,0,0,0,0,0,0,0,0,0,0,0,0,0,0,0,""
"Arctic Lady",76,57.5251333333333,-159.61575,"K10","3/22/2024",0,0,0,0,0,0,0,0,0,0,0,0,0,0,0,0,"12 seastars, 1 Jellyfish"
"Arctic Lady",77,57.4916,-159.616566666667,"K11","3/22/2024",0,0,0,0,0,0,0,0,0,0,0,0,0,0,0,0,"8 seastars, 1 hermit crab"
"Arctic Lady",78,57.4580333333333,-159.619266666667,"K12","3/22/2024",0,0,0,0,0,0,0,0,0,0,0,0,0,0,0,0,"23 seastars, 2 hermit crabs"
"Arctic Lady",79,57.4256666666667,-159.624666666667,"K13","3/22/2024",0,0,0,0,0,0,0,0,0,0,0,0,0,0,0,0,"13 seastars"
"Arctic Lady",80,57.3936666666667,-159.62735,"K14","3/22/2024",0,0,0,0,0,0,0,0,0,0,0,0,0,2,0,0,"5 seastars"
"Arctic Lady",81,57.3590166666667,-159.630866666667,"K15","3/22/2024",0,0,0,0,0,0,0,0,0,0,0,0,1,10,0,0,"9 seastars, 1 red rock crab"
"Arctic Lady",82,57.3264166666667,-159.634983333333,"K16","3/22/2024",0,0,0,0,0,0,0,0,0,0,0,0,1,1,0,0,"23 seastars "
"Arctic Lady",83,57.2934166666667,-159.6387,"K17","3/22/2024",0,0,0,0,0,0,0,0,0,0,0,0,1,15,0,0,""
"Arctic Lady",84,57.2615,-159.640183333333,"K18","3/22/2024",0,0,0,0,0,0,0,0,0,0,0,0,1,3,0,0,"8 seastars"
"Arctic Lady",85,57.2247,-159.646216666667,"K19","3/22/2024",0,0,0,0,0,0,0,0,0,0,0,0,1,2,0,0,"10 seastars"
"Arctic Lady",86,57.19285,-159.648933333333,"K20","3/22/2024",0,0,0,0,0,0,0,0,0,0,1,0,0,1,0,0,"12 seastars"
"Arctic Lady",87,57.1600833333333,-159.652566666667,"K21","3/22/2024",0,0,0,0,0,0,0,0,0,0,0,0,1,1,0,0,"1 sea cucumber, 9 seastars"
"Arctic Lady",88,57.12745,-159.659233333333,"K22","3/22/2024",0,0,0,0,0,0,0,0,0,0,1,0,1,13,0,0,"2 pacific lyre crabs, 30 seastars"
"Arctic Lady",89,57.0946833333333,-159.663866666667,"K23","3/22/2024",1,0,0,0,0,0,1,0,0,0,2,0,2,1,0,0,"6 seastars"
"Arctic Lady",90,57.0617,-159.665916666667,"K24","3/22/2024",0,0,0,0,0,0,0,0,0,0,0,0,1,0,0,0,"1 jellyfish, 1 pacific lyre crab"
"Arctic Lady",91,57.0281333333333,-159.6704,"K25","3/22/2024",0,0,0,0,0,0,0,0,0,0,2,0,0,3,0,0,"10 seastars,  snail"
"Arctic Lady",92,56.99445,-159.6722,"K26","3/22/2024",0,0,0,0,0,0,0,0,0,0,2,0,0,3,0,0,"2 seastars, 1 pacific lyre crab"
"Arctic Lady",93,56.9615833333333,-159.674183333333,"K27","3/22/2024",0,0,0,0,0,0,0,0,0,0,3,0,0,2,0,0,"9 seastars"
"Arctic Lady",94,56.9285666666667,-159.679283333333,"K28","3/22/2024",0,0,0,0,0,0,0,0,0,0,0,0,1,2,0,0,"27 seastars, 2 hermit crabs"
"Arctic Lady",95,56.8950333333333,-159.685316666667,"K29","3/22/2024",0,0,0,0,0,0,0,0,0,0,0,0,0,0,0,0,"7 seastars, 1 crab unident. Crab had a crushed carapace."
"Arctic Lady",96,57.173,-160.116783333333,"J20","3/24/2024",0,0,0,0,0,0,0,0,0,0,0,0,1,1,0,0,""
"Arctic Lady",97,57.2055333333333,-160.1121,"J19","3/24/2024",0,0,0,0,0,0,0,0,0,0,0,0,0,2,0,0,""
"Arctic Lady",98,57.239,-160.108666666667,"J18","3/24/2024",0,0,0,0,0,0,0,0,0,0,0,0,0,3,0,0,"2 seastars"
"Arctic Lady",99,57.2721666666667,-160.104466666667,"J17","3/24/2024",0,0,0,0,0,0,0,0,0,0,0,0,0,1,0,0,""
"Arctic Lady",100,57.3051666666667,-160.1003,"J16","3/24/2024",0,0,0,0,0,0,0,0,0,0,1,0,0,0,0,0,""
"Arctic Lady",101,57.33825,-160.097016666667,"J15","3/24/2024",0,0,0,0,0,0,0,0,0,0,0,0,1,2,0,0,""
"Arctic Lady",102,57.37125,-160.093466666667,"J14","3/24/2024",0,0,0,0,0,0,0,0,0,0,0,0,0,1,0,0,"2 seastars"
"Arctic Lady",103,57.4045166666667,-160.092066666667,"J13","3/24/2024",0,0,0,0,0,0,0,0,0,0,0,0,1,4,0,0,"24 seastars"
"Arctic Lady",104,57.4377333333333,-160.090166666667,"J12","3/24/2024",0,0,0,0,0,0,0,0,0,0,1,0,0,4,0,0,"5 seastars"
"Arctic Lady",105,57.47095,-160.087866666667,"J11","3/24/2024",0,0,0,0,0,0,0,0,0,0,1,0,0,0,0,0,"6 seastars"
"Arctic Lady",106,57.5038,-160.084483333333,"J10","3/24/2024",0,0,0,0,0,0,0,0,0,0,0,0,0,4,0,0,"2 seastars"
"Arctic Lady",107,57.5367,-160.080883333333,"J09","3/24/2024",0,0,0,0,0,0,0,0,0,0,1,0,0,2,0,0,"7 seastars, 1 pacific lyre crab"
"Arctic Lady",108,57.57,-160.076833333333,"J08","3/24/2024",0,0,0,0,0,0,0,0,0,0,0,0,2,2,0,0,"2 seastars"
"Arctic Lady",109,57.6031,-160.072733333333,"J07","3/24/2024",0,0,0,0,0,0,0,0,0,0,0,0,0,0,0,0,"3 seastars, Tagged RKC - PAT 2543"
"Arctic Lady",110,57.6359333333333,-160.069433333333,"J06","3/24/2024",0,0,0,0,0,0,0,0,0,0,0,0,0,0,0,0,"4 seastars, 1 Jellyfish"
"Arctic Lady",111,57.66915,-160.06645,"J05","3/24/2024",0,0,0,0,0,0,0,0,0,0,0,0,1,0,0,0,"3 seastars "
"Arctic Lady",112,57.7024166666667,-160.063266666667,"J04","3/24/2024",0,0,0,0,0,0,0,0,0,0,0,0,0,0,0,0,"5 seastars, 1 Jellyfish"
"Arctic Lady",113,57.7356,-160.06005,"J03","3/24/2024",0,0,0,0,0,0,0,0,0,0,0,0,0,0,0,0,"31 seastars, 2 jellyfish"
"Arctic Lady",114,57.7686833333333,-160.056333333333,"J02","3/24/2024",0,0,0,0,0,0,0,0,0,0,0,0,0,0,0,0,"19 seastars, 1 hermit crab"
"Arctic Lady",115,57.8014666666667,-160.05255,"J01","3/24/2024",0,0,0,0,0,0,0,0,0,0,0,0,0,0,0,0,"10 seastars"
"Arctic Lady",116,57.8154833333333,-160.524583333333,"I01","3/25/2024",0,0,0,0,0,0,0,0,0,0,0,0,0,0,0,0,"11 seastar, 1 jelly"
"Arctic Lady",117,57.7822333333333,-160.528233333333,"I02","3/25/2024",0,0,0,0,0,0,0,0,0,0,0,0,0,0,0,0,"2 seastars"
"Arctic Lady",118,57.7491,-160.530516666667,"I03","3/25/2024",0,0,0,0,0,0,0,0,0,0,0,0,0,0,0,0,"7 Seastars "
"Arctic Lady",119,57.7164666666667,-160.53195,"I04","3/25/2024",0,0,0,0,0,0,0,0,0,0,0,0,0,0,0,0,"2 Pacific Lyre crabs, 12 seastars"
"Arctic Lady",120,57.6843666666667,-160.5342,"I05","3/25/2024",0,0,0,0,0,0,0,0,0,0,1,0,0,2,0,0,"4 seastars "
"Arctic Lady",121,57.65035,-160.535583333333,"I06","3/25/2024",1,0,0,0,0,0,1,0,0,0,0,0,2,0,0,0,"8 seastars"
"Arctic Lady",122,57.6172666666667,-160.53875,"I07","3/25/2024",0,0,0,0,0,0,0,0,0,0,0,0,1,2,0,0,"20 seastars"
"Arctic Lady",123,57.5826,-160.541016666667,"I08","3/25/2024",0,0,0,0,0,0,0,0,0,0,2,0,3,1,0,0,"3 seastars"
"Arctic Lady",124,57.5508833333333,-160.542216666667,"I09","3/25/2024",0,0,0,0,0,0,0,0,0,0,0,0,1,2,0,0,"15 seastars, 1 pacific lyre crab, 1 graceful kelp crab"
"Arctic Lady",125,57.5178333333333,-160.54685,"I10","3/25/2024",1,0,0,0,0,0,1,0,0,0,3,0,0,6,0,0,"8 seastars"
"Arctic Lady",126,57.4846333333333,-160.549283333333,"I11","3/25/2024",2,0,0,0,0,0,2,0,0,0,2,0,0,7,0,0,"9 seastars"
"Arctic Lady",127,57.4515666666667,-160.551283333333,"I12","3/25/2024",0,0,0,0,0,0,0,0,0,0,2,0,0,9,0,0,"8 seastars"
"Arctic Lady",128,57.4179666666667,-160.553316666667,"I13","3/25/2024",0,0,0,0,0,0,0,0,0,0,3,0,0,11,0,0,"9 seastars, 1 pacific lyre crab"
"Arctic Lady",129,57.3850833333333,-160.556216666667,"I14","3/25/2024",3,0,0,0,0,0,3,0,0,0,5,0,0,25,0,0,""
"Arctic Lady",130,57.3522166666667,-160.559183333333,"I15","3/25/2024",2,0,0,0,0,0,2,0,0,0,2,0,0,6,0,0,"16 seastars"
"Arctic Lady",131,57.31875,-160.561866666667,"I16","3/25/2024",0,0,0,0,0,0,0,0,0,0,4,0,1,17,0,0,"2 seastars"
"Arctic Lady",132,57.2862,-160.564183333333,"I17","3/25/2024",0,0,0,0,0,0,0,0,0,0,6,0,1,18,0,0,"24 seastars"
"Arctic Lady",133,57.2527,-160.567533333333,"I18","3/25/2024",0,0,0,0,0,0,0,0,0,0,7,0,0,20,0,0,"6 seastars, 1 pacific lyre crab"
"Arctic Lady",134,57.21995,-160.5722,"I19","3/25/2024",0,0,0,0,0,0,0,0,0,0,4,0,1,21,0,0,"12 seastars"
"Arctic Lady",135,57.1867833333333,-160.575866666667,"I20","3/25/2024",0,0,0,0,0,0,0,0,0,0,2,0,1,7,0,0,"19 seastars, 1 pacific lyre crab"
"Arctic Lady",136,57.1952666666667,-161.03685,"H20","3/26/2024",3,0,0,0,0,0,3,0,0,0,4,0,1,8,0,0,"4 seastars"
"Arctic Lady",137,57.2283166666667,-161.035083333333,"H19","3/26/2024",0,0,0,0,0,0,0,0,0,0,4,0,0,13,0,0,"1 big mouth sculpin"
"Arctic Lady",138,57.2611833333333,-161.03225,"H18","3/26/2024",1,0,0,0,0,0,1,0,0,0,5,0,0,17,0,0,"1 seastar"
"Arctic Lady",139,57.29415,-161.029083333333,"H17","3/26/2024",2,0,0,0,0,0,2,0,0,0,4,0,0,22,0,0,"1 seastar"
"Arctic Lady",140,57.327,-161.025066666667,"H16","3/26/2024",1,0,0,0,0,0,1,0,0,0,8,0,0,21,0,0,"2 seastars"
"Arctic Lady",141,57.3601833333333,-161.0235,"H15","3/26/2024",3,0,0,0,0,0,3,0,0,0,4,0,1,16,0,0,""
"Arctic Lady",142,57.3932166666667,-161.023,"H14","3/26/2024",0,0,0,0,0,0,0,0,0,0,4,0,0,2,0,0,"3 seastars"
"Arctic Lady",143,57.4264166666667,-161.019916666667,"H13","3/26/2024",0,0,0,0,0,0,0,0,0,0,3,0,1,9,0,0,"3 seastars"
"Arctic Lady",144,57.4595,-161.016733333333,"H12","3/26/2024",0,0,0,0,0,0,0,0,0,0,2,0,0,3,0,0,"2 seastars"
"Arctic Lady",145,57.4928166666667,-161.01415,"H11","3/26/2024",0,0,0,0,0,0,0,0,0,0,1,0,0,8,0,0,"3 seastars"
"Arctic Lady",146,57.52625,-161.01245,"H10","3/26/2024",2,0,0,0,0,0,2,0,0,0,3,0,0,6,0,0,"2 seastars, 1 basketstar"
"Arctic Lady",147,57.5591333333333,-161.009916666667,"H09","3/26/2024",0,0,0,0,0,0,0,0,0,0,2,0,1,14,0,0,"22 seastars"
"Arctic Lady",148,57.5921666666667,-161.006633333333,"H08","3/26/2024",1,0,0,0,0,0,1,0,0,0,0,0,1,13,0,0,"18 seastars"
"Arctic Lady",149,57.62625,-161.0038,"H07","3/26/2024",1,0,0,0,0,0,1,0,0,0,0,0,1,0,0,0,"16 seastars"
"Arctic Lady",150,57.6587666666667,-161.001216666667,"H06","3/26/2024",0,0,0,0,0,0,0,0,0,0,2,0,1,0,0,0,"1 pacific lyre crab, 14 seastars"
"Arctic Lady",151,57.69125,-160.999933333333,"H05","3/26/2024",0,0,0,0,0,0,0,0,0,0,0,0,1,0,0,0,"14 seastars"
"Arctic Lady",152,57.7242833333333,-160.996183333333,"H04","3/26/2024",0,0,0,0,0,0,0,0,0,0,2,0,1,0,0,0,"10 seastars"
"Arctic Lady",153,57.7583666666667,-160.993266666667,"H03","3/26/2024",0,0,0,0,0,0,0,0,0,0,0,0,0,0,0,0,"9 seastars"
"Arctic Lady",154,57.79105,-160.9926,"H02","3/26/2024",0,0,0,0,0,0,0,0,0,0,0,0,0,0,0,0,"7 seastars"
"Arctic Lady",155,57.8256333333333,-160.988866666667,"H01","3/26/2024",0,0,0,0,0,0,0,0,0,0,0,0,0,0,0,0,"14 seastars"
"Arctic Lady",156,56.6862666666667,-160.6157,"I35","3/27/2024",1,0,0,0,0,0,1,0,0,0,15,0,0,2,0,0,""
"Arctic Lady",157,56.7206833333333,-160.614166666667,"I34","3/27/2024",3,0,1,0,0,0,3,1,0,0,4,0,0,10,0,0,""
"Arctic Lady",158,56.7535,-160.609616666667,"I33","3/27/2024",1,0,0,0,0,0,1,0,0,0,4,0,0,3,0,0,"2 seastars, 1 pacific lyre crab"
"Arctic Lady",159,56.7863666666667,-160.606983333333,"I32","3/27/2024",2,0,0,0,0,0,2,0,0,0,7,0,0,10,0,0,""
"Arctic Lady",160,56.8192833333333,-160.604383333333,"I31","3/27/2024",3,0,0,0,0,0,3,0,0,0,3,0,1,8,0,0,"5 seastars, 1 hermit crab, 1 pacific lyre crab"
"Arctic Lady",161,56.8526833333333,-160.60105,"I30","3/27/2024",0,0,0,0,0,0,0,0,0,0,7,0,0,3,0,0,"1 seastar"
"Arctic Lady",162,56.8858833333333,-160.598133333333,"I29","3/27/2024",3,0,0,0,0,0,3,0,0,0,3,0,1,19,0,0,"7 seastar"
"Arctic Lady",163,56.9188833333333,-160.597166666667,"I28","3/27/2024",0,0,0,0,0,0,0,0,0,0,4,0,1,18,0,0,"4 seastars"
"Arctic Lady",164,56.95275,-160.595133333333,"I27","3/27/2024",0,0,0,0,0,0,0,0,0,0,6,0,1,17,0,0,"2 seastars"
"Arctic Lady",165,56.98555,-160.592316666667,"I26","3/27/2024",1,0,0,0,0,0,1,0,0,0,9,0,0,27,0,1,"17 seastars"
"Arctic Lady",166,57.0186833333333,-160.58855,"I25","3/27/2024",0,0,0,0,0,0,0,0,0,0,6,0,1,15,1,0,"15 seastars"
"Arctic Lady",167,57.05185,-160.584233333333,"I24","3/27/2024",0,0,0,0,0,0,0,0,0,0,2,0,2,9,0,0,"2 seastars"
"Arctic Lady",168,57.0848,-160.582133333333,"I23","3/27/2024",0,0,0,0,0,0,0,0,0,0,5,0,0,3,1,1,"1 pacific lyre crab"
"Arctic Lady",169,57.1179833333333,-160.580816666667,"I22","3/27/2024",1,0,0,0,0,0,1,0,0,0,8,0,0,11,0,0,"2 seastars"
"Arctic Lady",170,57.1513166666667,-160.57925,"I21","3/27/2024",0,0,0,0,0,0,0,0,0,0,2,0,1,5,0,0,"2 seastars"
"Arctic Lady",171,57.29795,-161.108033333333,"BAIT1","3/28/2024",0,0,0,0,0,0,0,0,0,0,0,0,2,8,0,0,"2 sea cucumber, 8 starfish, Hanging bait (BAIT 1)"
"Arctic Lady",172,57.2939333333333,-161.108216666667,"BAIT2","3/28/2024",1,0,0,0,0,0,1,0,0,0,4,0,0,9,0,0,"Bait Bag (BAIT2)"
"Arctic Lady",173,57.2898833333333,-161.108533333333,"BAIT3","3/28/2024",3,0,0,0,0,0,3,0,0,0,0,0,0,7,0,0,"Hanging Bait (BAIT 3)"
"Arctic Lady",174,57.2858,-161.108616666667,"BAIT4","3/28/2024",1,0,0,0,0,0,1,0,0,0,5,0,0,9,1,0,"2 seastars, Bait Bag (BAIT 4)"
"Arctic Lady",175,57.2817166666667,-161.109133333333,"BAIT5","3/28/2024",1,0,0,0,0,0,1,0,0,0,0,0,0,3,0,0,"2 seastars, Hanging Bait (BAIT 5)"
"Arctic Lady",176,57.2775166666667,-161.109516666667,"BAIT6","3/28/2024",0,0,0,0,0,0,0,0,0,0,7,0,0,16,0,0,"Bait Bag (BAIT 6)"
"Arctic Lady",177,57.27325,-161.10995,"BAIT7","3/28/2024",5,1,0,0,0,0,6,0,0,0,0,0,1,13,0,0,"Hanging Bait (BAIT 7)"
"Arctic Lady",178,57.2692333333333,-161.1103,"BAIT8","3/28/2024",0,0,0,0,0,0,0,0,0,0,2,0,0,2,0,0,"1 seastar Bait Bag (BAIT 8)"
"Arctic Lady",179,57.2651166666667,-161.110583333333,"BAIT9","3/28/2024",0,0,0,0,0,0,0,0,0,0,2,0,0,4,0,0,"Hanging Bait (BAIT 9)"
"Arctic Lady",180,57.2607833333333,-161.110933333333,"BAIT10","3/28/2024",0,0,0,0,0,0,0,0,0,0,3,0,0,6,0,0,"2 seastars, Bait Bag (BAIT 10)"
"Arctic Lady",181,57.2566166666667,-161.111366666667,"COFFIN1","3/28/2024",0,0,0,0,0,0,0,0,0,0,0,0,0,0,0,0,"COFFIN POT, RKC: 6 males, 4 females, 19 seastars, 1 Jellyfish"
"Arctic Lady",182,57.1635333333333,-161.03655,"H21","3/28/2024",1,0,0,0,0,0,1,0,0,0,5,0,1,15,1,0,"8 seastars"
"Arctic Lady",183,57.1298833333333,-161.0395,"H22","3/28/2024",4,0,0,0,0,0,4,0,0,0,5,0,0,7,0,0,"1 skate, 2 seastars"
"Arctic Lady",184,57.0968333333333,-161.040616666667,"H23","3/28/2024",2,0,0,0,0,0,2,0,0,0,2,0,1,2,0,0,""
"Arctic Lady",185,57.0637666666667,-161.043433333333,"H24","3/28/2024",0,0,0,0,0,0,0,0,0,0,6,0,0,15,0,0,"6 seastars"
"Arctic Lady",186,57.0299166666667,-161.04695,"H25","3/28/2024",0,0,0,0,0,0,0,0,0,0,6,0,2,3,0,0,"1 big mouth sculpin, 14 seastars"
"Arctic Lady",187,56.9975,-161.047466666667,"H26","3/28/2024",0,0,0,0,0,0,0,0,0,0,9,0,1,5,0,0,"33 seastars"
"Arctic Lady",188,56.9637333333333,-161.048,"H27","3/28/2024",0,0,0,0,0,0,0,0,0,0,12,0,0,10,0,0,"16 seastars"
"Arctic Lady",189,56.9311,-161.0479,"H28","3/28/2024",3,0,0,0,0,0,3,0,0,0,13,0,1,3,0,0,"2 seastars"
"Arctic Lady",190,56.8981166666667,-161.055333333333,"H29","3/28/2024",1,0,0,0,0,0,1,0,0,0,11,0,1,1,0,0,"18 seastars"
"Arctic Lady",191,56.8645,-161.058433333333,"H30","3/28/2024",1,0,0,0,0,0,1,0,0,0,15,0,1,3,1,0,"50 seastars"
"Arctic Lady",192,56.83155,-161.05865,"H31","3/28/2024",2,0,0,0,0,0,2,0,0,0,16,0,2,4,0,0,"8 seastars"
"Arctic Lady",193,57.80105,-161.462,"G01","3/29/2024",0,0,0,0,0,0,0,0,0,0,0,0,0,0,0,0,"3 seastars"
"Arctic Lady",194,57.76775,-161.464783333333,"G02","3/29/2024",0,0,0,0,0,0,0,0,0,0,0,0,2,1,0,0,"13 seastars"
"Arctic Lady",195,57.7347833333333,-161.466466666667,"G03","3/29/2024",0,0,0,0,0,0,0,0,0,0,3,0,0,0,0,0,"1 skate, 3 seastars"
"Arctic Lady",196,57.7013666666667,-161.466716666667,"G04","3/29/2024",0,0,0,0,0,0,0,0,0,0,1,0,0,0,0,0,"8 seastars"
"Arctic Lady",197,57.6686666666667,-161.469466666667,"G05","3/29/2024",0,0,0,0,0,0,0,0,0,0,0,0,0,1,0,0,"1 hermit crab"
"Arctic Lady",198,57.6354666666667,-161.471783333333,"G06","3/29/2024",0,0,0,0,0,0,0,0,0,0,1,0,0,0,0,0,""
"Arctic Lady",199,57.6023333333333,-161.471533333333,"G07","3/29/2024",0,0,0,0,0,0,0,0,0,0,0,0,0,7,0,0,"7 seastars"
"Arctic Lady",200,57.56895,-161.474866666667,"G08","3/29/2024",0,0,0,0,0,0,0,0,0,0,0,0,0,1,0,0,"2 seastars"
"Arctic Lady",201,57.5355,-161.478466666667,"G09","3/29/2024",2,0,0,0,0,0,2,0,0,0,1,0,1,2,0,0,"7 seastars"
"Arctic Lady",202,57.5030166666667,-161.478366666667,"G10","3/29/2024",0,0,0,0,0,0,0,0,0,0,3,0,0,1,0,0,"2 big mouth sculpin, 23 seastars"
"Arctic Lady",203,57.46965,-161.478516666667,"G11","3/29/2024",1,0,0,0,0,0,1,0,0,0,4,0,0,3,0,0,"4 seastars"
"Arctic Lady",204,57.4366666666667,-161.481033333333,"G12","3/29/2024",0,0,0,0,0,0,0,0,0,0,3,0,0,4,0,0,"17 seastars"
"Arctic Lady",205,57.4033833333333,-161.48545,"G13","3/29/2024",4,0,0,0,0,0,4,0,0,0,2,0,1,3,0,0,"7 seastars"
"Arctic Lady",206,57.37045,-161.487083333333,"G14","3/29/2024",1,0,0,0,0,0,1,0,0,0,6,0,0,0,0,0,"7 seastars"
"Arctic Lady",207,57.3370333333333,-161.488433333333,"G15","3/29/2024",1,0,0,0,0,0,1,0,0,0,4,0,0,0,0,0,""
"Arctic Lady",208,57.3037333333333,-161.490233333333,"G16","3/29/2024",0,0,0,0,0,0,0,0,0,0,13,0,0,3,1,0,"12 seastars"
"Arctic Lady",209,57.2702666666667,-161.492216666667,"G17","3/29/2024",0,0,0,0,0,0,0,0,0,0,12,0,1,0,0,0,"19 seastars"
"Arctic Lady",210,57.2381166666667,-161.492933333333,"G18","3/29/2024",2,0,0,0,0,0,2,0,0,0,8,0,1,3,0,0,"11 seastars"
"Arctic Lady",211,57.2038666666667,-161.493666666667,"G19","3/29/2024",0,0,0,0,0,0,0,0,0,0,3,0,0,4,0,0,"7 seastars"
"Arctic Lady",212,57.1714333333333,-161.496133333333,"G20","3/29/2024",3,0,0,0,0,0,3,0,0,0,6,0,1,2,0,0,""
"Arctic Lady",213,57.1376666666667,-161.498183333333,"G21","3/29/2024",4,0,0,0,0,0,4,0,0,0,2,0,0,2,0,0,"1 seastar"
"Arctic Lady",214,57.1051666666667,-161.4997,"G22","3/29/2024",2,0,0,0,0,0,2,0,0,0,6,0,0,3,0,0,""
"Arctic Lady",216,56.7053666666667,-161.522233333333,"G34","3/31/2024",1,0,0,0,0,0,1,0,0,0,5,0,0,0,0,0,""
"Arctic Lady",217,56.7380333333333,-161.520166666667,"G33","3/31/2024",1,0,0,0,0,0,1,0,0,0,3,0,0,1,0,0,""
"Arctic Lady",218,56.7721666666667,-161.5205,"G32","3/31/2024",1,0,0,0,0,0,1,0,0,0,4,0,0,0,0,0,"2 seastars"
"Arctic Lady",219,56.8046833333333,-161.516733333333,"G31","3/31/2024",0,1,0,0,0,0,1,0,0,0,11,0,0,0,1,0,"9 seastars"
"Arctic Lady",220,56.83755,-161.515483333333,"G30","3/31/2024",3,0,0,0,0,0,3,0,0,0,6,0,1,3,0,0,""
"Arctic Lady",221,56.8722,-161.514083333333,"G29","3/31/2024",4,0,0,0,0,0,4,0,0,0,9,0,1,4,0,0,"4 seastars"
"Arctic Lady",222,56.9037666666667,-161.511766666667,"G28","3/31/2024",3,0,0,0,0,0,3,0,0,0,9,0,1,1,1,0,"32 seastars"
"Arctic Lady",223,56.93715,-161.510066666667,"G27","3/31/2024",2,0,0,0,0,0,2,0,0,0,7,0,0,1,0,0,"15 seastars"
"Arctic Lady",224,56.97075,-161.509083333333,"G26","3/31/2024",5,0,0,0,0,0,5,0,0,0,4,0,1,1,0,0,""
"Arctic Lady",225,57.0038333333333,-161.508433333333,"G25","3/31/2024",4,0,0,0,0,0,4,0,0,0,4,0,1,4,0,0,""
"Arctic Lady",226,57.0365666666667,-161.505016666667,"G24","3/31/2024",1,0,0,0,0,0,1,0,0,0,3,0,0,2,0,0,""
"Arctic Lady",227,57.06965,-161.503366666667,"G23","3/31/2024",3,0,0,0,0,0,3,0,0,0,4,0,1,2,0,0,"2 seastars"
"Arctic Lady",228,57.0503166666667,-161.565916666667,"BAIT11","3/31/2024",1,0,0,0,0,0,1,0,0,0,0,0,0,0,0,0,"BAIT 11 (Hanging Bait)"
"Arctic Lady",229,57.0546333333333,-161.567833333333,"BAIT12","3/31/2024",4,0,0,0,0,0,4,0,0,0,8,0,1,0,1,0,"2 seastars, BAIT 12 (Bait Bag)"
"Arctic Lady",230,57.0589,-161.56815,"BAIT13","3/31/2024",6,0,0,0,0,0,6,0,0,0,0,0,0,1,0,0,"5 seastars, BAIT 13 (Hanging Bait)"
"Arctic Lady",231,57.0634833333333,-161.56815,"BAIT14","3/31/2024",1,0,0,0,0,0,1,0,0,0,5,0,2,1,0,0,"8 seastars, BAIT 14 (Bait Bag)"
"Arctic Lady",232,57.0676666666667,-161.568483333333,"BAIT15","3/31/2024",3,0,0,0,0,0,3,0,0,0,3,0,0,0,0,0,"1 seastar, BAIT 15 (Hanging Bait)"
"Arctic Lady",233,57.0718666666667,-161.5686,"BAIT16","3/31/2024",4,0,0,0,0,0,4,0,0,0,10,0,1,2,0,0,"3 seastars, BAIT 16 (Bait Bag)"
"Arctic Lady",234,57.07615,-161.5686,"BAIT17","3/31/2024",6,0,1,0,0,0,6,1,0,0,1,0,0,1,0,0,"BAIT 17 (Hanging Bait)"
"Arctic Lady",235,57.0802,-161.568633333333,"BAIT18","3/31/2024",4,0,0,0,0,0,4,0,0,0,5,0,1,2,0,0,"23 seastars, BAIT 18 (Bait Bag)"
"Arctic Lady",236,57.08455,-161.568583333333,"BAIT19","3/31/2024",6,0,0,0,0,0,6,0,0,0,2,0,0,2,0,0,"BAIT 19 (Hanging Bait)"
"Arctic Lady",237,57.0889666666667,-161.568533333333,"BAIT20","3/31/2024",0,0,0,0,0,0,0,0,0,0,10,0,0,1,0,0,"34 seastars, BAIT 20 (Bait Bag)"
"Arctic Lady",238,57.0931333333333,-161.5685,"COFFIN2","3/31/2024",0,0,0,0,0,0,0,0,0,0,0,0,0,1,0,0,"100 seastars, COFFIN 2 (Bait Bag)"
"Arctic Lady",239,57.80815,-161.931316666667,"F01","4/2/2024",1,0,0,0,0,0,1,0,0,0,0,0,0,0,0,0,"8 seastars "
"Arctic Lady",240,57.7749833333333,-161.92955,"F02","4/2/2024",0,0,0,0,0,0,0,0,0,0,0,0,0,0,0,0,"10 seastars"
"Arctic Lady",241,57.7416,-161.9306,"F03","4/2/2024",0,0,0,0,0,0,0,0,0,0,1,0,0,0,0,0,"13 seastars"
"Arctic Lady",242,57.7095333333333,-161.9331,"F04","4/2/2024",0,0,0,0,0,0,0,0,0,0,0,0,0,0,0,0,"1 pacific lyre crab, 6 seastars"
"Arctic Lady",243,57.6751833333333,-161.934583333333,"F05","4/2/2024",1,0,0,0,0,0,1,0,0,0,0,0,0,0,0,0,"9 seastars"
"Arctic Lady",244,57.6417666666667,-161.935466666667,"F06","4/2/2024",0,0,0,0,0,0,0,0,0,0,1,0,0,0,0,0,"27 seastars"
"Arctic Lady",245,57.6096833333333,-161.937533333333,"F07","4/2/2024",0,0,0,0,0,0,0,0,0,0,0,0,0,0,0,0,"4 seastars"
"Arctic Lady",246,57.5762666666667,-161.940516666667,"F08","4/2/2024",0,0,0,0,0,0,0,0,0,0,0,0,0,0,0,0,"13 seastars"
"Arctic Lady",247,57.5428833333333,-161.942233333333,"F09","4/2/2024",0,0,0,0,0,0,0,0,0,0,0,0,1,0,0,0,"62 seastars, 5 jellyfish"
"Arctic Lady",248,57.5094,-161.9419,"F10","4/2/2024",1,0,0,0,0,0,1,0,0,0,0,0,0,0,0,0,"18 seastars"
"Arctic Lady",249,57.4763666666667,-161.942933333333,"F11","4/2/2024",0,0,0,0,0,0,0,0,0,0,0,0,0,0,0,0,"52 seastars"
"Arctic Lady",250,57.4433333333333,-161.94625,"F12","4/2/2024",0,0,0,0,0,0,0,0,0,0,0,0,1,0,0,0,"29 seastars"
"Arctic Lady",251,57.4100333333333,-161.94765,"F13","4/2/2024",0,0,0,0,0,0,0,0,0,0,0,0,0,0,0,0,"60 seastars"
"Arctic Lady",252,57.37685,-161.94935,"F14","4/2/2024",1,0,0,0,0,0,1,0,0,0,0,0,0,0,0,0,"54 seastars, 1 snail"
"Arctic Lady",253,57.3438,-161.950966666667,"F15","4/2/2024",0,0,0,0,0,0,0,0,0,0,0,0,0,0,0,0,"33 seastars"
"Arctic Lady",254,57.31025,-161.95345,"F16","4/2/2024",2,0,0,0,0,0,2,0,0,0,0,0,0,0,0,0,"27 seastars"
"Arctic Lady",255,57.2774333333333,-161.953833333333,"F17","4/2/2024",5,0,2,0,0,0,5,2,0,0,0,0,0,0,0,0,""
"Arctic Lady",256,57.2438166666667,-161.95265,"F18","4/2/2024",0,0,0,0,0,0,0,0,0,0,0,0,0,0,0,0,"1 seastar, 5 jellyfish"
"Arctic Lady",257,57.2110666666667,-161.957083333333,"F19","4/2/2024",1,0,0,0,0,0,1,0,0,0,0,0,0,0,0,0,""
"Arctic Lady",258,57.1775833333333,-161.957033333333,"F20","4/2/2024",4,0,0,0,0,0,4,0,0,0,5,0,0,1,0,0,"1 sablefish"
"Arctic Lady",259,57.1813666666667,-162.417766666667,"E20","4/3/2024",0,0,0,0,0,0,0,0,0,0,1,0,0,1,0,0,""
"Arctic Lady",260,57.2142333333333,-162.415083333333,"E19","4/3/2024",1,0,0,0,0,0,1,0,0,0,2,0,0,2,0,0,""
"Arctic Lady",261,57.2470666666667,-162.415483333333,"E18","4/3/2024",1,1,0,0,0,0,2,0,0,0,2,0,0,6,0,0,"3 seastars"
"Arctic Lady",262,57.2805333333333,-162.414233333333,"E17","4/3/2024",0,0,0,0,0,0,0,0,0,0,0,0,0,0,0,0,""
"Arctic Lady",263,57.3135333333333,-162.412766666667,"E16","4/3/2024",0,0,0,0,0,0,0,0,0,0,2,0,1,7,0,0,"14 seastars"
"Arctic Lady",264,57.3472,-162.412583333333,"E15","4/3/2024",2,0,0,0,0,0,2,0,0,0,1,0,0,2,0,0,"11 seastars"
"Arctic Lady",265,57.3801,-162.41205,"E14","4/3/2024",0,0,0,0,0,0,0,0,0,0,0,0,0,0,0,0,"7 seastars"
"Arctic Lady",266,57.4131666666667,-162.410033333333,"E13","4/3/2024",0,0,0,0,0,0,0,0,0,0,0,0,0,0,0,0,""
"Arctic Lady",267,57.4464166666667,-162.409916666667,"E12","4/3/2024",0,0,0,0,0,0,0,0,0,0,0,0,0,0,0,0,"20 seastars"
"Arctic Lady",268,57.4796333333333,-162.409633333333,"E11","4/3/2024",1,0,0,0,0,0,1,0,0,0,0,0,0,0,0,0,"13 seastars"
"Arctic Lady",269,57.5128833333333,-162.40665,"E10","4/3/2024",0,0,0,0,0,0,0,0,0,0,0,0,0,0,0,0,"10 seastars, 1 snail"
"Arctic Lady",270,57.5455,-162.405616666667,"E09","4/3/2024",1,0,0,0,0,0,1,0,0,0,0,0,0,0,0,0,"13 seastars"
"Arctic Lady",271,57.5788833333333,-162.4041,"E08","4/3/2024",1,0,0,0,0,0,1,0,0,0,0,0,0,0,0,0,"7 seastars, 1 jellyfish"
"Arctic Lady",272,57.61165,-162.403583333333,"E07","4/3/2024",0,0,0,0,0,0,0,0,0,0,0,0,0,0,0,0,"6 seastars"
"Arctic Lady",273,57.6447666666667,-162.403483333333,"E06","4/3/2024",0,0,0,0,0,0,0,0,0,0,0,0,0,0,0,0,"4 seastars"
"Arctic Lady",274,57.6783666666667,-162.4043,"E05","4/3/2024",0,0,0,0,0,0,0,0,0,0,0,0,0,0,0,0,"6 seastars"
"Arctic Lady",275,57.71175,-162.40265,"E04","4/3/2024",0,0,0,0,0,0,0,0,0,0,0,0,0,0,0,0,"6 seastars"
"Arctic Lady",276,57.7441,-162.40005,"E03","4/3/2024",0,0,0,0,0,0,0,0,0,0,0,0,0,0,0,0,"6 seastars"
"Arctic Lady",277,57.7778666666667,-162.397716666667,"E02","4/3/2024",0,0,0,0,0,0,0,0,0,0,0,0,0,0,0,0,"38 seastars"
"Arctic Lady",278,57.8107166666667,-162.3973,"E01","4/3/2024",0,0,0,0,0,0,0,0,0,0,0,0,0,0,0,0,"21 seastars"
"Arctic Lady",279,56.7137166666667,-162.3733,"BAIT21","4/4/2024",3,0,0,0,0,0,3,0,0,0,9,0,0,2,0,0,"SPN 279 to 309 hauled in reverse order"
"Arctic Lady",280,56.7183,-162.372333333333,"BAIT22","4/4/2024",3,0,0,0,0,0,3,0,0,0,1,0,0,2,0,0,"1 big mouth sculpin"
"Arctic Lady",281,56.7226666666667,-162.371916666667,"BAIT23","4/4/2024",2,0,0,0,0,0,2,0,0,0,1,0,0,0,0,0,"1 seastar"
"Arctic Lady",282,56.7272,-162.371616666667,"BAIT24","4/4/2024",1,0,0,0,0,0,1,0,0,0,4,0,0,2,0,0,"3 seastars"
"Arctic Lady",283,56.7319666666667,-162.3714,"BAIT25","4/4/2024",5,0,0,0,0,0,5,0,0,0,2,0,0,1,0,0,""
"Arctic Lady",284,56.7361666666667,-162.371183333333,"BAIT26","4/4/2024",0,0,0,0,0,0,0,0,0,0,4,0,0,2,0,0,"1 seastar"
"Arctic Lady",285,56.7401833333333,-162.371,"BAIT27","4/4/2024",1,0,0,0,0,0,1,0,0,0,2,0,0,4,0,0,""
"Arctic Lady",286,56.74455,-162.370866666667,"BAIT28","4/4/2024",1,0,0,0,0,0,1,0,0,0,8,0,0,1,1,0,"1 skate; (pollock in cod mouth)"
"Arctic Lady",287,56.7488,-162.370716666667,"BAIT29","4/4/2024",1,0,0,0,0,0,1,0,0,0,2,0,0,0,0,0,""
"Arctic Lady",288,56.7524666666667,-162.370583333333,"BAIT30","4/4/2024",2,0,0,0,0,0,2,0,0,0,1,0,0,3,1,0,"1 seastar"
"Arctic Lady",289,56.7567166666667,-162.370366666667,"BAIT31","4/4/2024",2,0,0,0,0,0,2,0,0,0,3,0,0,2,0,0,""
"Arctic Lady",290,56.7608166666667,-162.370266666667,"BAIT32","4/4/2024",1,0,0,0,0,0,1,0,0,0,3,0,0,0,0,0,""
"Arctic Lady",291,56.7650833333333,-162.370266666667,"BAIT33","4/4/2024",1,0,0,0,0,0,1,0,0,0,3,0,0,0,0,0,"2 seastars"
"Arctic Lady",292,56.7696,-162.370083333333,"BAIT34","4/4/2024",0,0,0,0,0,0,0,0,0,0,3,0,0,2,0,0,""
"Arctic Lady",293,56.7738833333333,-162.369933333333,"BAIT35","4/4/2024",2,0,0,0,0,0,2,0,0,0,2,0,1,2,0,0,""
"Arctic Lady",294,56.7779666666667,-162.369783333333,"BAIT36","4/4/2024",2,0,0,0,0,0,2,0,0,0,2,0,1,2,0,0,""
"Arctic Lady",295,56.78195,-162.369616666667,"BAIT37","4/4/2024",0,0,1,0,0,0,0,1,0,0,1,0,0,5,0,0,""
"Arctic Lady",296,56.78575,-162.3695,"BAIT38","4/4/2024",3,0,0,0,0,0,3,0,0,0,2,0,0,1,0,0,""
"Arctic Lady",297,56.7907833333333,-162.369333333333,"BAIT39","4/4/2024",5,0,0,0,0,0,5,0,0,0,3,0,0,2,0,0,""
"Arctic Lady",298,56.7942666666667,-162.3693,"BAIT40","4/4/2024",1,0,0,0,0,0,1,0,0,0,3,0,0,0,0,0,""
"Arctic Lady",299,56.7985,-162.369366666667,"BAIT41","4/4/2024",0,0,1,0,0,0,0,1,0,0,2,0,0,0,0,0,"1 seastars"
"Arctic Lady",300,56.8026333333333,-162.369366666667,"BAIT42","4/4/2024",4,0,0,0,0,0,4,0,0,0,4,0,0,0,0,0,"2 seastars"
"Arctic Lady",301,56.8065,-162.36935,"BAIT43","4/4/2024",0,0,0,0,0,0,0,0,0,0,4,0,0,1,0,0,""
"Arctic Lady",302,56.81045,-162.36925,"BAIT44","4/4/2024",4,0,0,0,0,0,4,0,0,0,3,0,0,0,0,0,""
"Arctic Lady",303,56.8142,-162.369116666667,"BAIT45","4/4/2024",1,0,0,0,0,0,1,0,0,0,2,0,0,0,0,0,""
"Arctic Lady",304,56.8182833333333,-162.368983333333,"BAIT46","4/4/2024",2,0,0,0,0,0,2,0,0,0,1,0,0,0,0,0,""
"Arctic Lady",305,56.8220166666667,-162.368933333333,"BAIT47","4/4/2024",1,0,0,0,0,0,1,0,0,0,4,0,0,0,0,0,""
"Arctic Lady",306,56.8258166666667,-162.36895,"BAIT48","4/4/2024",0,0,0,0,0,0,0,0,0,0,3,0,0,0,0,0,""
"Arctic Lady",307,56.8298833333333,-162.36885,"BAIT49","4/4/2024",0,0,0,0,0,0,0,0,0,0,3,0,0,0,0,0,""
"Arctic Lady",308,56.8338666666667,-162.36885,"BAIT50","4/4/2024",0,0,0,0,0,0,0,0,0,0,3,0,0,3,0,0,"4 seastars, blown Biotwine"
"Arctic Lady",309,56.83765,-162.368716666667,"COFFIN3","4/4/2024",0,0,0,0,0,0,0,0,0,0,0,0,0,0,0,0,"5 seastars"
"Arctic Lady",310,57.8160666666667,-162.86475,"D01","4/5/2024",1,0,0,0,0,0,1,0,0,0,0,0,0,0,0,0,"4 seastars "
"Arctic Lady",311,57.7822833333333,-162.863783333333,"D02","4/5/2024",0,0,0,0,0,0,0,0,0,0,0,0,0,0,0,0,"2 seastars"
"Arctic Lady",312,57.7491166666667,-162.8635,"D03","4/5/2024",0,0,0,0,0,0,0,0,0,0,0,0,0,0,0,0,"1 seastar"
"Arctic Lady",313,57.7159,-162.8649,"D04","4/5/2024",0,0,0,0,0,0,0,0,0,0,0,0,0,0,0,0,"5 seastars"
"Arctic Lady",314,57.68355,-162.868366666667,"D05","4/5/2024",0,0,0,0,0,0,0,0,0,0,0,0,0,0,0,0,"6 seastars"
"Arctic Lady",315,57.6509333333333,-162.870666666667,"D06","4/5/2024",0,0,0,0,0,0,0,0,0,0,0,0,0,0,0,0,"11 seastars"
"Arctic Lady",316,57.61695,-162.870016666667,"D07","4/5/2024",0,0,0,0,0,0,0,0,0,0,0,0,0,0,0,0,"13 seastars"
"Arctic Lady",317,57.5838666666667,-162.869683333333,"D08","4/5/2024",0,0,0,0,0,0,0,0,0,0,0,0,0,0,0,0,"1 Arctic Lyre Crab, 21 seastars"
"Arctic Lady",318,57.54975,-162.868666666667,"D09","4/5/2024",0,0,0,0,0,0,0,0,0,0,0,0,0,0,0,0,"1 Sculpin unident, 20 seastars"
"Arctic Lady",319,57.5167833333333,-162.870366666667,"D10","4/5/2024",0,0,0,0,0,0,0,0,0,0,0,0,0,0,0,0,"2 seastars, 1 snail"
"Arctic Lady",320,57.4840833333333,-162.87175,"D11","4/5/2024",1,0,0,0,0,0,1,0,0,0,0,0,0,0,0,0,"5 seastars"
"Arctic Lady",321,57.4511833333333,-162.8728,"D12","4/5/2024",1,0,0,0,0,0,1,0,0,0,0,0,0,0,0,0,"1 sculpin unident, 1 basket star, 4 seastars"
"Arctic Lady",322,57.4169666666667,-162.873516666667,"D13","4/5/2024",0,0,0,0,0,0,0,0,0,0,1,0,0,1,0,0,"4 seastars"
"Arctic Lady",323,57.3845,-162.87265,"D14","4/5/2024",0,0,0,0,0,0,0,0,0,0,0,0,0,13,0,0,"4 seastars"
"Arctic Lady",324,57.3505333333333,-162.874766666667,"D15","4/5/2024",1,0,0,0,0,0,1,0,0,0,4,0,0,26,0,0,"1 pacific lyre crab, 8 seastars"
"Arctic Lady",325,57.3182,-162.873516666667,"D16","4/5/2024",0,0,0,0,0,0,0,0,0,0,1,0,0,23,0,0,"1 sculpin unident, 20 seastars"
"Arctic Lady",326,57.2855833333333,-162.874366666667,"D17","4/5/2024",1,0,0,0,0,0,1,0,0,0,3,0,0,11,0,0,"35 seastars"
"Arctic Lady",327,57.2526,-162.875566666667,"D18","4/5/2024",0,0,0,0,0,0,0,0,0,0,3,0,0,14,0,0,"2 seastars"
"Arctic Lady",328,57.2179666666667,-162.8765,"D19","4/5/2024",1,0,0,0,0,0,1,0,0,0,14,0,0,19,1,0,"1 seastar"
"Arctic Lady",329,57.1864833333333,-162.87665,"D20","4/5/2024",2,0,0,0,0,0,2,0,0,0,8,0,0,5,0,0,"4 seastars"
